citation_key,citation_order,manuscript_location,source_locator,identifier,claim_kind,exact_local_claim_tex,verification_level,support_limit,main_tex_sha256,claim_sha256
tuf2010,1,paper/main.tex:L79,https://dblp.org/rec/conf/ccs/SamuelMCD10.html,10.1145/1866307.1866315,local_sentence,"TUF limits update compromise through delegated roles, thresholds, and expiry~\cite{tuf2010}.",BIBLIOGRAPHIC_RECORD_ONLY_PRIMARY_FULLTEXT_NOT_RETRIEVED,No full-text reread of the entire article is claimed; support checked at the accessible abstract/record level.,d5f968c394cc5a8553654a23cf92c0fd0e3b5122bd6ee58305335cb9525a0d42,7605dd4244c5c937dc1452c5563de1a070c5fea535c3e944490a47fabda11f40
sigstore2022,2,paper/main.tex:L79,https://dblp.org/rec/conf/ccs/NewmanMT22.html,10.1145/3548606.3560596,local_sentence,Sigstore combines short-lived signing identities with transparency evidence~\cite{sigstore2022}.,BIBLIOGRAPHIC_RECORD_ONLY_PRIMARY_FULLTEXT_NOT_RETRIEVED,No full-text reread of the entire article is claimed; support checked at the accessible abstract/record level.,d5f968c394cc5a8553654a23cf92c0fd0e3b5122bd6ee58305335cb9525a0d42,a7bf9c03e7b4e464fccb6c0d7b0bad561efab98b561275f285c5e39a7cf03d7b
authcontradictions2026,3,paper/main.tex:L80,https://arxiv.org/abs/2603.02378,2603.02378,local_sentence,A recent media-provenance study exhibits the same cross-layer failure mode: a valid provenance manifest and a valid watermark can assert incompatible origins when each layer is checked in isolation~\cite{authcontradictions2026}.,PRIMARY_RECORD_OR_AUTHOR_ABSTRACT,Cited arXiv version; author comment reports acceptance at CVPR 2026 APAI workshop. Not labelled wholly unreviewed.,d5f968c394cc5a8553654a23cf92c0fd0e3b5122bd6ee58305335cb9525a0d42,371631a5c082f959b3aacdd8e72f8fa48a0afb641770213b7637bf09430d30de
collberg1999,4,paper/main.tex:L82,https://dblp.uni-trier.de/rec/conf/popl/CollbergT99.html,10.1145/292540.292569,local_sentence,"The classical program model separates embedding, recognition, stealth, and resilience~\cite{collberg1999}.",BIBLIOGRAPHIC_RECORD_ONLY_PRIMARY_FULLTEXT_NOT_RETRIEVED,No full-text reread of the entire article is claimed; support checked at the accessible abstract/record level.,d5f968c394cc5a8553654a23cf92c0fd0e3b5122bd6ee58305335cb9525a0d42,ef439f61b67c56f8877bbb42ea880e5065586df19661a03106fd59a5ac360515
myles2005,5,paper/main.tex:L171,https://experts.arizona.edu/en/publications/k-gram-software-birthmarks/,10.1145/1066677.1066753,local_sentence,Software birthmarks face the same transformation-versus-separation tension~\cite{myles2005}.,PRIMARY_RECORD_OR_AUTHOR_ABSTRACT,No full-text reread of the entire article is claimed; support checked at the accessible abstract/record level.,d5f968c394cc5a8553654a23cf92c0fd0e3b5122bd6ee58305335cb9525a0d42,8f6ff006a2d922c5a2d73cec02505b6b5b9defe67aca86b73547b05a2473bcaf
adelsbach2006,6,paper/main.tex:L175,https://www.researchgate.net/publication/220722261_A_Computational_Model_for_Watermark_Robustness,10.1007/978-3-540-74124-4_10,local_sentence,Adversarial watermark models make such surfaces explicit~\cite{adelsbach2006}.,BIBLIOGRAPHIC_RECORD_ONLY_PRIMARY_FULLTEXT_NOT_RETRIEVED,No full-text reread of the entire article is claimed; support checked at the accessible abstract/record level.,d5f968c394cc5a8553654a23cf92c0fd0e3b5122bd6ee58305335cb9525a0d42,d51f6cf9ec66b939a90b06986dd22b0d0ffbd08555ec18b80ed582c16b7cc187
craver1998,7,paper/main.tex:L191,https://doi.org/10.1109/49.668979,10.1109/49.668979,local_sentence,Detection alone need not settle ownership~\cite{craver1998}.,PRIMARY_INSTITUTIONAL_METADATA,Institutional metadata was cross-checked; full proof text not retrieved.,d5f968c394cc5a8553654a23cf92c0fd0e3b5122bd6ee58305335cb9525a0d42,d17fcdfc9fd4a924e0e51028854eacd2484631fc1d6fc35451262c7b4bdfcf2c
adelsbach2003,8,paper/main.tex:L191,https://doi.org/10.1145/947380.947395,10.1145/947380.947395,local_sentence,Copy- and ambiguity-resistant watermarking therefore requires an explicit relation between the mark and host~\cite{adelsbach2003}.,BIBLIOGRAPHIC_RECORD_ONLY_PRIMARY_FULLTEXT_NOT_RETRIEVED,No full-text reread of the entire article is claimed; support checked at the accessible abstract/record level.,d5f968c394cc5a8553654a23cf92c0fd0e3b5122bd6ee58305335cb9525a0d42,63322d5ba31c6758af75b621a81aab214b16e2b38674324f8a3bbc9153a0bc55
bonehshaw1998,9,paper/main.tex:L203,https://doi.org/10.1109/18.705568,10.1109/18.705568,local_sentence,One-copy resilience does not imply coalition security; classical fingerprinting formalizes the separate obligation~\cite{bonehshaw1998}.,BIBLIOGRAPHIC_RECORD_ONLY_PRIMARY_FULLTEXT_NOT_RETRIEVED,No full-text reread of the entire article is claimed; support checked at the accessible abstract/record level.,d5f968c394cc5a8553654a23cf92c0fd0e3b5122bd6ee58305335cb9525a0d42,36164df4eea85869b41786ac019b167a4f03cbeca87cf2ef501e6fa76bdc30a6
tardos2008,10,paper/main.tex:L203,https://doi.org/10.1145/1346330.1346335,10.1145/1346330.1346335,local_sentence,Optimal probabilistic codes show how sharply coalition size can affect tracing rates~\cite{tardos2008}.,PRIMARY_INSTITUTIONAL_METADATA,Institutional metadata was cross-checked; full proof text not retrieved.,d5f968c394cc5a8553654a23cf92c0fd0e3b5122bd6ee58305335cb9525a0d42,983df81878cceb9af9203bc3aaa2a7bd2c2ad6d1df7ec382641516217fa8ad0b
ggm1986,11,paper/main.tex:L207,https://doi.org/10.1145/6490.6503,10.1145/6490.6503,local_sentence,Pseudorandom functions provide the base indistinguishability notion~\cite{ggm1986}.,PRIMARY_RECORD_OR_AUTHOR_ABSTRACT,No full-text reread of the entire article is claimed; support checked at the accessible abstract/record level.,d5f968c394cc5a8553654a23cf92c0fd0e3b5122bd6ee58305335cb9525a0d42,9c3641f7d2208f23d5b3af26de55b86e696321ab2d7ad16cf9c62088e8426476
bellare2000,12,paper/main.tex:L207,https://doi.org/10.1007/3-540-45539-6_18,10.1007/3-540-45539-6_18,local_sentence,Multi-instance reductions require concrete accounting rather than silently reusing a one-user theorem~\cite{bellare2000}.,BIBLIOGRAPHIC_RECORD_ONLY_PRIMARY_FULLTEXT_NOT_RETRIEVED,No full-text reread of the entire article is claimed; support checked at the accessible abstract/record level.,d5f968c394cc5a8553654a23cf92c0fd0e3b5122bd6ee58305335cb9525a0d42,eb8c80ce4be9190207e2dce4b3df82020ba5c21679500c0c7ce62191bf3d225a
hmac1996,13,paper/main.tex:L207,https://cris.tau.ac.il/en/publications/keying-hash-functions-for-message-authentication/,10.1007/3-540-68697-5_1,local_sentence,The reference implementation instantiates key derivation with HMAC~\cite{hmac1996}.,PRIMARY_RECORD_OR_AUTHOR_ABSTRACT,No full-text reread of the entire article is claimed; support checked at the accessible abstract/record level.,d5f968c394cc5a8553654a23cf92c0fd0e3b5122bd6ee58305335cb9525a0d42,f8a8f78025bfca0767093b66fb5dafcf64165251270ad1a8927e162086bfad4e
gmr1988,14,paper/main.tex:L209,https://epubs.siam.org/doi/10.1137/0217017,10.1137/0217017,local_sentence,Adaptive chosen-message security supplies this threat model~\cite{gmr1988}.,PRIMARY_RECORD_OR_AUTHOR_ABSTRACT,No full-text reread of the entire article is claimed; support checked at the accessible abstract/record level.,d5f968c394cc5a8553654a23cf92c0fd0e3b5122bd6ee58305335cb9525a0d42,a575e37482eb96c523cc7fb53c408ce5cfbddd6716fdfea602508631e08505ff
sufcma2008,15,paper/main.tex:L209,https://www.jstage.jst.go.jp/article/transfun/E91.A/1/E91.A_1_94/_article,10.1093/ietfec/e91-a.1.94,local_sentence,A deployment that nevertheless treats exact signature bytes as identity may require a unique signature representation or strong unforgeability~\cite{sufcma2008}.,PRIMARY_RECORD_OR_AUTHOR_ABSTRACT,No full-text reread of the entire article is claimed; support checked at the accessible abstract/record level.,d5f968c394cc5a8553654a23cf92c0fd0e3b5122bd6ee58305335cb9525a0d42,bd63375ec7c098807efc32324737b49eff39b187f11b9a7f83f2458234e80220
canetti2001,16,paper/main.tex:L215,https://doi.org/10.1109/SFCS.2001.959888,10.1109/SFCS.2001.959888,local_sentence,It exposes one explicit sequence of game transitions and assumptions; the stronger universal framework solves a different abstraction problem~\cite{canetti2001}.,PRIMARY_INSTITUTIONAL_METADATA,Institutional metadata was cross-checked; full proof text not retrieved.,d5f968c394cc5a8553654a23cf92c0fd0e3b5122bd6ee58305335cb9525a0d42,4b815c385397e3e5d22159af1312ef6a7ba47e840e78e4256db0fae526eae3bb
clopperpearson1934,17,paper/main.tex:L537,https://doi.org/10.1093/biomet/26.4.404,10.1093/biomet/26.4.404,local_sentence,Fixed-look exactness~\cite{clopperpearson1934} and $\sum_t1/[t(t+1)]=1$ imply,PRIMARY_RECORD_OR_AUTHOR_ABSTRACT,No full-text reread of the entire article is claimed; support checked at the accessible abstract/record level.,d5f968c394cc5a8553654a23cf92c0fd0e3b5122bd6ee58305335cb9525a0d42,162090983ce63d4b815372340653f635f0476cb4cf42a982f37d5841803724f5
howard2021,18,paper/main.tex:L542,https://doi.org/10.1214/20-AOS1991,10.1214/20-AOS1991,local_sentence,Confidence sequences can give sharper time-uniform bounds under broader conditions~\cite{howard2021}.,PRIMARY_INSTITUTIONAL_METADATA,Institutional metadata was cross-checked; full proof text not retrieved.,d5f968c394cc5a8553654a23cf92c0fd0e3b5122bd6ee58305335cb9525a0d42,95c91846147fe64ce0152a4cda7fa9f192bfeb250752f064647881cf583a1155
johari2022,19,paper/main.tex:L542,https://pubsonline.informs.org/doi/abs/10.1287/opre.2021.2135,10.1287/opre.2021.2135,local_sentence,Always-valid inference addresses the same repeated-monitoring failure in continuously observed experiments~\cite{johari2022}.,PRIMARY_RECORD_OR_AUTHOR_ABSTRACT,No full-text reread of the entire article is claimed; support checked at the accessible abstract/record level.,d5f968c394cc5a8553654a23cf92c0fd0e3b5122bd6ee58305335cb9525a0d42,a710125f8171d6c40f76d6d54ba828b379f835d89499fa203868cffd8f8efa4d
intoto2019,20,paper/main.tex:L629,https://www.usenix.org/conference/usenixsecurity19/presentation/torres-arias,torres-arias,table_row,In-toto~\cite{intoto2019} & -- & signed steps & detached artifact identifiers & role and layout policy & supply-chain attestation \\,PRIMARY_RECORD_OR_AUTHOR_ABSTRACT,No full-text reread of the entire article is claimed; support checked at the accessible abstract/record level.,d5f968c394cc5a8553654a23cf92c0fd0e3b5122bd6ee58305335cb9525a0d42,cfac3283eb2a8427eb57a1a68fc86cf130c8c520b1eb15c382d1782f5ea9bc4f
codemark2025,21,paper/main.tex:L630,https://doi.org/10.1109/TDSC.2025.3594599,10.1109/TDSC.2025.3594599,table_row,CodeMark~\cite{codemark2025} & \checkmark & not stated & contextual source host & transformation and tracing study & code-snippet provenance \\,BIBLIOGRAPHIC_RECORD_ONLY_PRIMARY_FULLTEXT_NOT_RETRIEVED,No full-text reread of the entire article is claimed; support checked at the accessible abstract/record level.,d5f968c394cc5a8553654a23cf92c0fd0e3b5122bd6ee58305335cb9525a0d42,44bf05dc2c9b263110575d2661f3f647d0d563d8c06d98e2bff3184b3da7aa89
srcmarker2024,22,paper/main.tex:L631,https://researchportal.hkust.edu.hk/en/publications/srcmarker-dual-channel-source-code-watermarking-via-scalable-code-2/,10.1109/SP54263.2024.00097,table_row,SrcMarker~\cite{srcmarker2024} & \checkmark & not stated & source-code channels & adaptive attack evaluation & source-code watermarking \\,PRIMARY_RECORD_OR_AUTHOR_ABSTRACT,No full-text reread of the entire article is claimed; support checked at the accessible abstract/record level.,d5f968c394cc5a8553654a23cf92c0fd0e3b5122bd6ee58305335cb9525a0d42,de55c905d04182cd2c6610cd2bbe9f6a9ed15753f49d60dbc2d2b4d330ba7b99
matrix2026,23,paper/main.tex:L632,https://arxiv.org/abs/2604.16001,2604.16001,table_row,MATRIX~\cite{matrix2026} & \checkmark & not stated & provenance/version payload & multi-layer carrier preprint & watermark payload design \\,PRIMARY_RECORD_OR_AUTHOR_ABSTRACT,No full-text reread of the entire article is claimed; support checked at the accessible abstract/record level.,d5f968c394cc5a8553654a23cf92c0fd0e3b5122bd6ee58305335cb9525a0d42,4d777c8dfee9d451ec7c6ce9eb202a842fd36fd437fc04755a049813879c9fbf
shamir1979,24,paper/main.tex:L642,https://cir.nii.ac.jp/crid/1362825895537767808,10.1145/359168.359176,local_sentence,"The carrier uses Shamir's polynomial threshold reconstruction~\cite{shamir1979}, with explicit host authentication and public provenance policy added here.",BIBLIOGRAPHIC_RECORD_ONLY_PRIMARY_FULLTEXT_NOT_RETRIEVED,No full-text reread of the entire article is claimed; support checked at the accessible abstract/record level.,d5f968c394cc5a8553654a23cf92c0fd0e3b5122bd6ee58305335cb9525a0d42,5c931415e3b2c727ddd87757b98f7f16054d09fc8916fb8b00941f7715ca2c8a
hopper2007,25,paper/main.tex:L876,https://doi.org/10.1007/978-3-540-70936-7_20,10.1007/978-3-540-70936-7_20,local_sentence,"Hopper, Molnar, and Wagner amplify a weak watermark under explicit assumptions~\cite{hopper2007}.",PRIMARY_INSTITUTIONAL_METADATA,Institutional metadata was cross-checked; full proof text not retrieved.,d5f968c394cc5a8553654a23cf92c0fd0e3b5122bd6ee58305335cb9525a0d42,138c4bf4298ff0abe87d421223c724d4a87bfb110aae02644a7fd413a6ed1478
cohen2018,26,paper/main.tex:L876,https://epubs.siam.org/doi/10.1137/18M1164834,10.1137/18M1164834,local_sentence,Cohen \emph{et al.} protect watermarking capability cryptographically~\cite{cohen2018}.,PRIMARY_RECORD_OR_AUTHOR_ABSTRACT,No full-text reread of the entire article is claimed; support checked at the accessible abstract/record level.,d5f968c394cc5a8553654a23cf92c0fd0e3b5122bd6ee58305335cb9525a0d42,acb49170cb947afc76ac68b832721011fa5f2d7d3e63bd3bac425d6cbded483e
collbergsahoo2005,27,paper/main.tex:L876,https://journals.sagepub.com/doi/abs/10.3233/JCS-2005-13503,10.3233/JCS-2005-13503,local_sentence,Collberg and Sahoo study frequency-domain embedding and its attacks~\cite{collbergsahoo2005}.,PRIMARY_RECORD_OR_AUTHOR_ABSTRACT,No full-text reread of the entire article is claimed; support checked at the accessible abstract/record level.,d5f968c394cc5a8553654a23cf92c0fd0e3b5122bd6ee58305335cb9525a0d42,149c307fdc181aefb29f57d6bd3cb7c3e9e25e2e1881542290ac49d0d0d4d259
venkatesan2001,28,paper/main.tex:L876,https://experts.illinois.edu/en/publications/a-graph-theoretic-approach-to-software-watermarking/,10.1007/3-540-45496-9_12,local_sentence,"Venkatesan, Vazirani, and Sinha encode marks in program graphs~\cite{venkatesan2001}.",PRIMARY_RECORD_OR_AUTHOR_ABSTRACT,No full-text reread of the entire article is claimed; support checked at the accessible abstract/record level.,d5f968c394cc5a8553654a23cf92c0fd0e3b5122bd6ee58305335cb9525a0d42,30fb26a2f1f80f8c0eb2f279bf60d80edf674a0cd7dec7f895ac9e4a7404e279
hydan2004,29,paper/main.tex:L876,https://doi.org/10.1007/978-3-540-30191-2_15,10.1007/978-3-540-30191-2_15,local_sentence,Hydan uses binary instruction encodings~\cite{hydan2004}.,BIBLIOGRAPHIC_RECORD_ONLY_PRIMARY_FULLTEXT_NOT_RETRIEVED,No full-text reread of the entire article is claimed; support checked at the accessible abstract/record level.,d5f968c394cc5a8553654a23cf92c0fd0e3b5122bd6ee58305335cb9525a0d42,fc578c230e2643a286c329b9d37fc91bcadaed35f835eebd7760fe4c9738eb6c
xmark2019,30,paper/main.tex:L876,https://pure.psu.edu/en/publications/xmark-dynamic-software-watermarking-using-collatz-conjecture/,10.1109/TIFS.2019.2908071,local_sentence,XMark uses Collatz-based dynamic execution structure~\cite{xmark2019}.,PRIMARY_RECORD_OR_AUTHOR_ABSTRACT,No full-text reread of the entire article is claimed; support checked at the accessible abstract/record level.,d5f968c394cc5a8553654a23cf92c0fd0e3b5122bd6ee58305335cb9525a0d42,4fdb12c9ae271297785a062be5c423a0d0be237d456d7a59b5eba35290e72781
droidmarking2014,31,paper/main.tex:L876,https://pure.psu.edu/en/publications/droidmarking-resilient-software-watermarking-for-impeding-android/,10.1145/2642937.2642977,local_sentence,Droidmarking targets Android repackaging~\cite{droidmarking2014}.,PRIMARY_RECORD_OR_AUTHOR_ABSTRACT,No full-text reread of the entire article is claimed; support checked at the accessible abstract/record level.,d5f968c394cc5a8553654a23cf92c0fd0e3b5122bd6ee58305335cb9525a0d42,cf9b6f78b6e4e2ecdf24d2b3b4d471699179c26d1bc48df1ecd8a0d07fe5b3c1
deysurvey2019,32,paper/main.tex:L876,https://doi.org/10.1007/s41403-018-0058-8,10.1007/s41403-018-0058-8,local_sentence,"A later survey records the continuing tension among robustness, stealth, and applicability~\cite{deysurvey2019}.",BIBLIOGRAPHIC_RECORD_ONLY_PRIMARY_FULLTEXT_NOT_RETRIEVED,No full-text reread of the entire article is claimed; support checked at the accessible abstract/record level.,d5f968c394cc5a8553654a23cf92c0fd0e3b5122bd6ee58305335cb9525a0d42,f11a960c4fc6b2ca539be3da369bfb42442139f466d51ce3d31ffa99ca1d80d9
tianbirthmark2015,33,paper/main.tex:L878,https://doi.org/10.1109/TSE.2015.2454508,10.1109/TSE.2015.2454508,local_sentence,Dynamic key-instruction sequences support plagiarism detection without embedding a provenance payload~\cite{tianbirthmark2015}.,BIBLIOGRAPHIC_RECORD_ONLY_PRIMARY_FULLTEXT_NOT_RETRIEVED,No full-text reread of the entire article is claimed; support checked at the accessible abstract/record level.,d5f968c394cc5a8553654a23cf92c0fd0e3b5122bd6ee58305335cb9525a0d42,9b095762fe23f4a69506e4090f43f3038574e3da93e7b366ffefeafb39f86d8d
schuler2007,34,paper/main.tex:L878,https://www.st.cs.uni-saarland.de/publications/details/schuler-ase-2007/,10.1145/1321631.1321672,local_sentence,Dynamic Java birthmarks use runtime features~\cite{schuler2007}.,PRIMARY_RECORD_OR_AUTHOR_ABSTRACT,No full-text reread of the entire article is claimed; support checked at the accessible abstract/record level.,d5f968c394cc5a8553654a23cf92c0fd0e3b5122bd6ee58305335cb9525a0d42,1d811ecb9daec7094b64033121fa77be51f02c602f2243bac239338152beddbf
wangtheft2009,35,paper/main.tex:L878,https://pure.psu.edu/en/publications/behavior-based-software-theft-detection/,10.1145/1653662.1653696,local_sentence,Behavior-based theft detection compares semantically related observations~\cite{wangtheft2009}.,PRIMARY_RECORD_OR_AUTHOR_ABSTRACT,No full-text reread of the entire article is claimed; support checked at the accessible abstract/record level.,d5f968c394cc5a8553654a23cf92c0fd0e3b5122bd6ee58305335cb9525a0d42,089d985e6ec0559c0c257453cdef3d6083fe7820ed3c6bf5d6fd5dba6a9f0801
heapgraph2013,36,paper/main.tex:L878,https://doi.org/10.1109/TIFS.2012.2223685,10.1109/TIFS.2012.2223685,local_sentence,Heap-graph theft detection compares dynamic object-reference structures~\cite{heapgraph2013}.,BIBLIOGRAPHIC_RECORD_ONLY_PRIMARY_FULLTEXT_NOT_RETRIEVED,No full-text reread of the entire article is claimed; support checked at the accessible abstract/record level.,d5f968c394cc5a8553654a23cf92c0fd0e3b5122bd6ee58305335cb9525a0d42,3391c2e770de76a33337beb25f39a47ed51c82d04685cb4390f85541e9d71fc3
dwc2026,37,paper/main.tex:L880,https://dblp.org/rec/journals/ase/LinLJPZWL26.html,10.1007/s10515-025-00561-1,local_sentence,Decomposition-then-watermarking separates natural and formal channels before embedding a multi-bit mark~\cite{dwc2026}.,BIBLIOGRAPHIC_RECORD_ONLY_PRIMARY_FULLTEXT_NOT_RETRIEVED,"Online 2025, volume 33 issue 1 article 16 in 2026; cited issue year retained.",d5f968c394cc5a8553654a23cf92c0fd0e3b5122bd6ee58305335cb9525a0d42,35c3dd9075f3e6e28139aea0faaf8a8645f81c274729ef52c0e67d95cb29be58
lineagemark2026,38,paper/main.tex:L880,https://arxiv.org/abs/2606.17123,2606.17123,local_sentence,LineageMark studies repeated multi-user insertion along model derivation chains~\cite{lineagemark2026}.,PRIMARY_RECORD_OR_AUTHOR_ABSTRACT,No full-text reread of the entire article is claimed; support checked at the accessible abstract/record level.,d5f968c394cc5a8553654a23cf92c0fd0e3b5122bd6ee58305335cb9525a0d42,906d0c80090b87e2ee9a265096593b324364db31290693f4fa5275658ad17b71
rosemary2025,39,paper/main.tex:L880,https://arxiv.org/abs/2502.02068,2502.02068,local_sentence,RoSeMary combines learned marking with cryptographic verification in a preprint design~\cite{rosemary2025}.,PRIMARY_RECORD_OR_AUTHOR_ABSTRACT,No full-text reread of the entire article is claimed; support checked at the accessible abstract/record level.,d5f968c394cc5a8553654a23cf92c0fd0e3b5122bd6ee58305335cb9525a0d42,7d5b0cf01279d10af067086e9d2df6abadff460b4c6a2360b6225c92956c75b1
decoma2025,40,paper/main.tex:L880,https://doi.org/10.1145/3728952,10.1145/3728952,local_sentence,DeCoMa provides a black-box removal and purification attack against code-dataset watermarks~\cite{decoma2025}.,PRIMARY_RECORD_OR_AUTHOR_ABSTRACT,No full-text reread of the entire article is claimed; support checked at the accessible abstract/record level.,d5f968c394cc5a8553654a23cf92c0fd0e3b5122bd6ee58305335cb9525a0d42,b650647eeaca5162289c03ad493729cf2f9e721f0dce40e3596ac75135368bcf
naturalness2016,41,paper/main.tex:L884,https://doi.org/10.1145/2902362,10.1145/2902362,local_sentence,Naturalness measurements show that source code has strong statistical regularities that a visible transformation can disturb~\cite{naturalness2016}.,PRIMARY_RECORD_OR_AUTHOR_ABSTRACT,No full-text reread of the entire article is claimed; support checked at the accessible abstract/record level.,d5f968c394cc5a8553654a23cf92c0fd0e3b5122bd6ee58305335cb9525a0d42,1e232c6d64e05f612197ac3ec0c6bb0191cb8dc4592c9c2aadb578fafa258c17
dualchannel2020,42,paper/main.tex:L884,https://discovery.ucl.ac.uk/id/eprint/10092853/,10.1145/3377816.3381720,local_sentence,Dual-channel constraints explain why source transformations are governed jointly by formal semantics and human-facing structure~\cite{dualchannel2020}.,PRIMARY_RECORD_OR_AUTHOR_ABSTRACT,No full-text reread of the entire article is claimed; support checked at the accessible abstract/record level.,d5f968c394cc5a8553654a23cf92c0fd0e3b5122bd6ee58305335cb9525a0d42,fe2da8824262037a19aa9f34276f1113d134073ca4ad4fa7b5efc6c0c3482c01
natgen2022,43,paper/main.tex:L884,https://github.com/saikat107/NatGen,10.1145/3540250.3549162,local_sentence,NatGen pretrains by applying semantics-preserving source transformations~\cite{natgen2022}.,PRIMARY_RECORD_OR_AUTHOR_ABSTRACT,No full-text reread of the entire article is claimed; support checked at the accessible abstract/record level.,d5f968c394cc5a8553654a23cf92c0fd0e3b5122bd6ee58305335cb9525a0d42,ec5b72be2e032bfdad79416a43ed9524f0ca97592d99557d3514629c6de09be1
naturalattack2022,44,paper/main.tex:L884,https://ink.library.smu.edu.sg/sis_research/7654/,10.1145/3510003.3510146,local_sentence,Natural attacks exploit plausible code edits against pretrained code models~\cite{naturalattack2022}.,PRIMARY_RECORD_OR_AUTHOR_ABSTRACT,No full-text reread of the entire article is claimed; support checked at the accessible abstract/record level.,d5f968c394cc5a8553654a23cf92c0fd0e3b5122bd6ee58305335cb9525a0d42,6c83deead4567530c60fc02c303f84326a21732f13572f7c08c984386094fd5b
ropgen2022,45,paper/main.tex:L884,https://doi.org/10.1145/3510003.3510181,10.1145/3510003.3510181,local_sentence,RoPGen uses automatic coding-style transformations to improve robustness of authorship attribution~\cite{ropgen2022}.,BIBLIOGRAPHIC_RECORD_ONLY_PRIMARY_FULLTEXT_NOT_RETRIEVED,No full-text reread of the entire article is claimed; support checked at the accessible abstract/record level.,d5f968c394cc5a8553654a23cf92c0fd0e3b5122bd6ee58305335cb9525a0d42,34692471d7441b047c7080ae3713fd1519e30a61f2aab84d9933b4351e26576d
authorshipattack2021,46,paper/main.tex:L884,https://dblp.org/rec/journals/tifs/LiuJLW21.html,10.1109/TIFS.2021.3080507,local_sentence,A black-box attack shows that source changes can manipulate authorship classifiers~\cite{authorshipattack2021}.,BIBLIOGRAPHIC_RECORD_ONLY_PRIMARY_FULLTEXT_NOT_RETRIEVED,No full-text reread of the entire article is claimed; support checked at the accessible abstract/record level.,d5f968c394cc5a8553654a23cf92c0fd0e3b5122bd6ee58305335cb9525a0d42,5e6f21d6dbf29f5201466aec9dd3f721b8e84f275a4a3aa49612c277e47d343c
chainiac2017,47,paper/main.tex:L888,https://www.usenix.org/conference/usenixsecurity17/technical-sessions/presentation/nikitin,nikitin,local_sentence,CHAINIAC combines verified builds with collectively signed skipchains~\cite{chainiac2017}.,PRIMARY_RECORD_OR_AUTHOR_ABSTRACT,No full-text reread of the entire article is claimed; support checked at the accessible abstract/record level.,d5f968c394cc5a8553654a23cf92c0fd0e3b5122bd6ee58305335cb9525a0d42,c9f8ef25576a94413a59b26254daccf8772d4aaddb5d250981ffa90e2fed4a89
diplomat2016,48,paper/main.tex:L888,https://www.usenix.org/conference/nsdi16/technical-sessions/presentation/kuppusamy,NSDI16:Kuppusamy,local_sentence,Diplomat applies delegated threshold policy to community repositories~\cite{diplomat2016}.,PRIMARY_RECORD_OR_AUTHOR_ABSTRACT,No full-text reread of the entire article is claimed; support checked at the accessible abstract/record level.,d5f968c394cc5a8553654a23cf92c0fd0e3b5122bd6ee58305335cb9525a0d42,179507792bcd888856c6fad7ab3699e8c751927ef202d3303bb0889ef2930c03
mercury2017,49,paper/main.tex:L888,https://www.usenix.org/conference/atc17/technical-sessions/presentation/kuppusamy,ATC17:Kuppusamy,local_sentence,Mercury prevents rollback while controlling repository bandwidth~\cite{mercury2017}.,PRIMARY_RECORD_OR_AUTHOR_ABSTRACT,No full-text reread of the entire article is claimed; support checked at the accessible abstract/record level.,d5f968c394cc5a8553654a23cf92c0fd0e3b5122bd6ee58305335cb9525a0d42,14a4829c4710530849a67fdd8ba021d28d98bf76beeef9ee6e8ce06034d1a661
legitimate2018,50,paper/main.tex:L888,https://researchwith.njit.edu/en/publications/le-git-imate-towards-verifiable-web-based-git-repositories/,10.1145/3196494.3196523,local_sentence,Le-git-imate makes hosted Git state verifiable~\cite{legitimate2018}.,PRIMARY_RECORD_OR_AUTHOR_ABSTRACT,No full-text reread of the entire article is claimed; support checked at the accessible abstract/record level.,d5f968c394cc5a8553654a23cf92c0fd0e3b5122bd6ee58305335cb9525a0d42,9f1c0b953bf06e309045afa07c4ec2fc5880323a1f99ce36bcb367dfd494b76a
contour2018,51,paper/main.tex:L888,https://discovery.ucl.ac.uk/id/eprint/10055894/,10.1007/978-3-030-00305-0_8,local_sentence,Contour records binary-release metadata in an append-only transparency system~\cite{contour2018}.,PRIMARY_RECORD_OR_AUTHOR_ABSTRACT,No full-text reread of the entire article is claimed; support checked at the accessible abstract/record level.,d5f968c394cc5a8553654a23cf92c0fd0e3b5122bd6ee58305335cb9525a0d42,b274ddb4f78f2517e03d444881ab3e7ab70da55abe12e657b054b64d69fd6bd1
coniks2015,52,paper/main.tex:L888,https://www.usenix.org/conference/usenixsecurity15/technical-sessions/presentation/melara,melara,local_sentence,CONIKS provides privacy-preserving key transparency~\cite{coniks2015}.,PRIMARY_RECORD_OR_AUTHOR_ABSTRACT,No full-text reread of the entire article is claimed; support checked at the accessible abstract/record level.,d5f968c394cc5a8553654a23cf92c0fd0e3b5122bd6ee58305335cb9525a0d42,e83b9fc8cebad6a14461fcefec544875dd90db210d27c522565b1c506b4dc921
sok2023,53,paper/main.tex:L890,https://ieeexplore.ieee.org/document/10179304/,10.1109/SP46215.2023.10179304,local_sentence,A systematization classifies open-source supply-chain attacks by stage and objective~\cite{sok2023}.,PRIMARY_RECORD_OR_AUTHOR_ABSTRACT,No full-text reread of the entire article is claimed; support checked at the accessible abstract/record level.,d5f968c394cc5a8553654a23cf92c0fd0e3b5122bd6ee58305335cb9525a0d42,d91a3a99fa08fcf3f5ef4e6a163ba0f1830bf97dbb65068a2d452ba28259b755
backstabber2020,54,paper/main.tex:L890,https://dblp.org/rec/conf/dimva/OhmPS020,10.1007/978-3-030-52683-2_2,local_sentence,Backstabber's Knife Collection catalogs malicious package behavior~\cite{backstabber2020}.,BIBLIOGRAPHIC_RECORD_ONLY_PRIMARY_FULLTEXT_NOT_RETRIEVED,No full-text reread of the entire article is claimed; support checked at the accessible abstract/record level.,d5f968c394cc5a8553654a23cf92c0fd0e3b5122bd6ee58305335cb9525a0d42,ae8d647e90f59af9971313f6468a31e9c77659e28c84d2ba2ee459af5c64c5dc
smallworld2019,55,paper/main.tex:L890,https://www.usenix.org/conference/usenixsecurity19/presentation/zimmerman,zimmerman,local_sentence,An npm study quantifies compromise reach in a dense dependency graph~\cite{smallworld2019}.,PRIMARY_RECORD_OR_AUTHOR_ABSTRACT,No full-text reread of the entire article is claimed; support checked at the accessible abstract/record level.,d5f968c394cc5a8553654a23cf92c0fd0e3b5122bd6ee58305335cb9525a0d42,4eb87d6bddc758d5606233a3bc6733c6ec8c9b4695b0bf6f7fd377bb02f1aa5c
packagemanagers2021,56,paper/main.tex:L890,https://www.ndss-symposium.org/wp-content/uploads/ndss2021_1B-1_23055_paper.pdf,10.14722/ndss.2021.23055,local_sentence,Cross-ecosystem measurements characterize package-manager attack surfaces~\cite{packagemanagers2021}.,PRIMARY_RECORD_OR_AUTHOR_ABSTRACT,Official NDSS first page inspected; DOI confirmed in footer despite DBLP omitting DOI.,d5f968c394cc5a8553654a23cf92c0fd0e3b5122bd6ee58305335cb9525a0d42,27e49156be1e58fca6f77ca3cf7fbbddc69d6ed373ddf99fd1e664ff08a6ab57
lastpymile2021,57,paper/main.tex:L890,https://2021.esec-fse.org/details/fse-2021-papers/61/LastPyMile-Identifying-the-Discrepancy-between-Sources-and-Packages,10.1145/3468264.3468592,local_sentence,LastPyMile detects discrepancies between source and released packages~\cite{lastpymile2021}.,PRIMARY_RECORD_OR_AUTHOR_ABSTRACT,No full-text reread of the entire article is claimed; support checked at the accessible abstract/record level.,d5f968c394cc5a8553654a23cf92c0fd0e3b5122bd6ee58305335cb9525a0d42,c6ac052a7ff0935b6c7e9ce706f7040dd3779d9d631204de7c500d6771b69a6c
reproduciblebuilds2022,58,paper/main.tex:L890,https://researchportal.ip-paris.fr/fr/publications/reproducible-builds-increasing-the-integrity-of-software-supply-c/,10.1109/MS.2021.3073045,local_sentence,Reproducible builds enable independent output comparison~\cite{reproduciblebuilds2022}.,PRIMARY_RECORD_OR_AUTHOR_ABSTRACT,No full-text reread of the entire article is claimed; support checked at the accessible abstract/record level.,d5f968c394cc5a8553654a23cf92c0fd0e3b5122bd6ee58305335cb9525a0d42,07cccd86578cbec92c57d37eeb064c20362e50ead40d072922c85a1c682def34
diversecompile2005,59,paper/main.tex:L890,https://dwheeler.com/trusting-trust/,10.1109/CSAC.2005.17,local_sentence,Diverse double compiling targets compiler subversion~\cite{diversecompile2005}.,PRIMARY_RECORD_OR_AUTHOR_ABSTRACT,No full-text reread of the entire article is claimed; support checked at the accessible abstract/record level.,d5f968c394cc5a8553654a23cf92c0fd0e3b5122bd6ee58305335cb9525a0d42,0d6eb670f32eab37fcec8524c1d7c4b20eef7a376bacb0e4d4dc2b010ef96fc3
sgxsupply2022,60,paper/main.tex:L890,https://arxiv.org/abs/1907.05096,10.1109/TDSC.2020.3024562,local_sentence,SGX supply-chain analysis shows that signing can authenticate a compromised build~\cite{sgxsupply2022}.,PRIMARY_RECORD_OR_AUTHOR_ABSTRACT,No full-text reread of the entire article is claimed; support checked at the accessible abstract/record level.,d5f968c394cc5a8553654a23cf92c0fd0e3b5122bd6ee58305335cb9525a0d42,30fd0bb447c10ed988fa6b0c195c65b31b74ba427dac52512f42b5d648289015
compcert2006,61,paper/main.tex:L892,https://xavierleroy.org/bibrefs/leroy_bib.html,10.1145/1111037.1111042,local_sentence,CompCert proves semantic preservation for a verified compiler backend~\cite{compcert2006}.,PRIMARY_RECORD_OR_AUTHOR_ABSTRACT,No full-text reread of the entire article is claimed; support checked at the accessible abstract/record level.,d5f968c394cc5a8553654a23cf92c0fd0e3b5122bd6ee58305335cb9525a0d42,8a973379e35e64dd64e288cfba210c70cdf2eb9139c3200efe8478ab65b67634
translationvalidation2000,62,paper/main.tex:L892,https://doi.org/10.1145/349299.349314,10.1145/349299.349314,local_sentence,Translation validation checks each produced optimization result~\cite{translationvalidation2000}.,BIBLIOGRAPHIC_RECORD_ONLY_PRIMARY_FULLTEXT_NOT_RETRIEVED,No full-text reread of the entire article is claimed; support checked at the accessible abstract/record level.,d5f968c394cc5a8553654a23cf92c0fd0e3b5122bd6ee58305335cb9525a0d42,49cb67a63fd6eba444d6b91b352f76cf2fd871f09f85e154dbbe7532fec40fa5
pcc1997,63,paper/main.tex:L892,https://doi.org/10.1145/263699.263712,10.1145/263699.263712,local_sentence,Proof-carrying code attaches machine-checkable safety evidence~\cite{pcc1997}.,PRIMARY_RECORD_OR_AUTHOR_ABSTRACT,No full-text reread of the entire article is claimed; support checked at the accessible abstract/record level.,d5f968c394cc5a8553654a23cf92c0fd0e3b5122bd6ee58305335cb9525a0d42,e3ce09726b03799e141afba1a0e2f69da3a553311c394b2827082d548f6f62ea
zkcompile2026,64,paper/main.tex:L892,https://arxiv.org/abs/2602.11887,2602.11887,local_sentence,A recent preprint uses zero-knowledge compilation to attest a claimed source-to-binary relation~\cite{zkcompile2026}.,PRIMARY_RECORD_OR_AUTHOR_ABSTRACT,No full-text reread of the entire article is claimed; support checked at the accessible abstract/record level.,d5f968c394cc5a8553654a23cf92c0fd0e3b5122bd6ee58305335cb9525a0d42,c54bf00dec066a1061038703cd4e97749bd00f87015915db2c559db566061d42
camflow2017,65,paper/main.tex:L894,https://tfjmp.org/publication/2017-socc/,10.1145/3127479.3129249,local_sentence,CamFlow captures whole-system provenance through operating-system instrumentation~\cite{camflow2017}.,PRIMARY_RECORD_OR_AUTHOR_ABSTRACT,No full-text reread of the entire article is claimed; support checked at the accessible abstract/record level.,d5f968c394cc5a8553654a23cf92c0fd0e3b5122bd6ee58305335cb9525a0d42,7d26c33ad83d95bcaf19a922138bf23ae9f2936b70bf68f9a7f428a86ed80ff8
datalineage2016,66,paper/main.tex:L894,https://ieeexplore.ieee.org/abstract/document/7029631,10.1109/TDSC.2015.2399296,local_sentence,"LIME combines oblivious transfer, robust watermarks, and signatures to trace a leaking data recipient~\cite{datalineage2016}.",PRIMARY_RECORD_OR_AUTHOR_ABSTRACT,No full-text reread of the entire article is claimed; support checked at the accessible abstract/record level.,d5f968c394cc5a8553654a23cf92c0fd0e3b5122bd6ee58305335cb9525a0d42,d27908efff02ae330b7e00627cc41d0c36756a61b89dd083489e40f708a6a406
