claim_id,claim,paper_locator,evidence_level,evidence_path,evidence_sha256,limitation,independent_review
C01,Context-bound compiler and four game contracts,paper/main.tex:Security Model and Primitive Contracts,HUMAN_PROOF,paper/supplement.tex,556df342d861992f9308919677ca2960cb19734e001c994ef3cfc2ad7e88868f,"Honest issuer, declared leakage and policy relations; no universal-composability claim.",STATELESS_REVIEW_UNAVAILABLE
C02,Chain correctness and accepted-chain classification,paper/main.tex:lem:correctness;lem:classification,HUMAN_PROOF,paper/supplement.tex,556df342d861992f9308919677ca2960cb19734e001c994ef3cfc2ad7e88868f,Signature and context-hash assumptions are charged explicitly.,STATELESS_REVIEW_UNAVAILABLE
C03,Exact-tip verification and authorization alignment,paper/main.tex:lem:tip;prop:authorization,PROOF_AND_REGRESSION,artifact/results/raw/proof-implementation-checks.json,1ef0390b4223f90870c796a860bc25933704122a00091ca14721e879b79bbb90,Authorization is public and attack-frozen; it does not call the secret reader.,STATELESS_REVIEW_UNAVAILABLE
C04,Terminal success/failure registry and crash-safe continuation,paper/main.tex:prop:registry;prop:session;prop:failure,PROOF_AND_EXECUTABLE_CHECK,artifact/results/raw/run-summary.json,6ac10e0eed39dd575f91f2033a4621fff3a09add3d6c2a0763abd11fcb61ba34,Snapshot authentication does not prove freshness; monotonic storage or transparency is external.,STATELESS_REVIEW_UNAVAILABLE
C05,Adaptive first-hit risk ledger,paper/main.tex:thm:firsthit,HUMAN_PROOF,paper/supplement.tex,556df342d861992f9308919677ca2960cb19734e001c994ef3cfc2ad7e88868f,The filtration contains prior charged outcomes; upper hazards can be loose.,STATELESS_REVIEW_UNAVAILABLE
C06,"Product envelope applies to actual hazards, not arbitrary upper certificates",paper/main.tex:thm:firsthit,PROOF_AND_COUNTEREXAMPLE,artifact/results/raw/proof-implementation-checks.json,1ef0390b4223f90870c796a860bc25933704122a00091ca14721e879b79bbb90,The additive certificate may exceed the deterministic product envelope.,STATELESS_REVIEW_UNAVAILABLE
C07,Four-game composition theorem,paper/main.tex:thm:composition,HUMAN_REDUCTION,paper/supplement.tex,556df342d861992f9308919677ca2960cb19734e001c994ef3cfc2ad7e88868f,"Primitive games must match deployment challenge, leakage, reader, key-use, and coalition surfaces.",STATELESS_REVIEW_UNAVAILABLE
C08,Anytime calibration and evidence-conditioned composition,paper/main.tex:thm:evidence,PROOF_AND_EXACT_PROGRAM,artifact/results/raw/run-summary.json,6ac10e0eed39dd575f91f2033a4621fff3a09add3d6c2a0763abd11fcb61ba34,Calibration strata and error spending are predeclared; distribution shift is historywise.,STATELESS_REVIEW_UNAVAILABLE
C09,Historywise deployment-shift bridge,paper/main.tex:thm:evidence,PROOF_AND_COUNTEREXAMPLE,artifact/results/raw/run-summary.json,6ac10e0eed39dd575f91f2033a4621fff3a09add3d6c2a0763abd11fcb61ba34,Marginal equality alone is insufficient.,STATELESS_REVIEW_UNAVAILABLE
C10,Authenticated derivation-graph lifting,paper/main.tex:prop:dag,HUMAN_PROOF,paper/supplement.tex,556df342d861992f9308919677ca2960cb19734e001c994ef3cfc2ad7e88868f,The implementation remains a linear-chain instance.,STATELESS_REVIEW_UNAVAILABLE
C11,Finite threshold carrier contract,paper/main.tex:prop:threshold,PROOF_AND_ENUMERATION,artifact/results/raw/proof-implementation-checks.json,1ef0390b4223f90870c796a860bc25933704122a00091ca14721e879b79bbb90,Visible finite-language carrier; no production robustness or secrecy claim.,STATELESS_REVIEW_UNAVAILABLE
C12,Polynomial residual reader equivalence,paper/main.tex:prop:residual,PROOF_AND_DIFFERENTIAL_CHECK,artifact/results/raw/proof-implementation-checks.json,1ef0390b4223f90870c796a860bc25933704122a00091ca14721e879b79bbb90,Equivalence is for canonical authenticated field points under the stated finite-field contract.,STATELESS_REVIEW_UNAVAILABLE
C13,Public threshold-retention closure,paper/main.tex:lem:closure-alignment,PROOF_AND_ENUMERATION,artifact/results/raw/proof-implementation-checks.json,1ef0390b4223f90870c796a860bc25933704122a00091ca14721e879b79bbb90,Duplicate positions count once; canonical unrelated junk contributes nothing.,STATELESS_REVIEW_UNAVAILABLE
C14,Finite omission and safeguard campaigns,paper/main.tex:tab:results,DETERMINISTIC_EXECUTABLE_EVIDENCE,artifact/results/raw/run-summary.json,6ac10e0eed39dd575f91f2033a4621fff3a09add3d6c2a0763abd11fcb61ba34,Frozen factorized model; not a distribution over real attackers.,STATELESS_REVIEW_UNAVAILABLE
C15,Long-chain cost measurements,paper/main.tex:fig:cost,FROZEN_CPU_MEASUREMENT,artifact/results/raw/run-summary.json,6ac10e0eed39dd575f91f2033a4621fff3a09add3d6c2a0763abd11fcb61ba34,"One recorded CPU host; no fitting, outlier removal, or extrapolation.",STATELESS_REVIEW_UNAVAILABLE
C16,Positive instance and removable negative control,paper/main.tex:Finite Contract and Executable Evidence,CONDITIONAL_EXECUTABLE_INSTANCE,artifact/results/raw/run-summary.json,6ac10e0eed39dd575f91f2033a4621fff3a09add3d6c2a0763abd11fcb61ba34,No production watermark or production attestation stack was executed.,STATELESS_REVIEW_UNAVAILABLE
