item_id,statement,paper_locator,proof_assistant_status,executable_evidence,review_status,assumptions_and_limits
C01,Context-bound compiler and four game contracts,paper/main.tex:Security Model and Primitive Contracts,NOT_MECHANIZED,paper/supplement.tex,HUMAN_PROOF,"Honest issuer, declared leakage and policy relations; no universal-composability claim."
C02,Chain correctness and accepted-chain classification,paper/main.tex:lem:correctness;lem:classification,NOT_MECHANIZED,paper/supplement.tex,HUMAN_PROOF,Signature and context-hash assumptions are charged explicitly.
C03,Exact-tip verification and authorization alignment,paper/main.tex:lem:tip;prop:authorization,NOT_MECHANIZED,artifact/results/raw/proof-implementation-checks.json,PROOF_AND_REGRESSION,Authorization is public and attack-frozen; it does not call the secret reader.
C04,Terminal success/failure registry and crash-safe continuation,paper/main.tex:prop:registry;prop:session;prop:failure,NOT_MECHANIZED,artifact/results/raw/run-summary.json,PROOF_AND_EXECUTABLE_CHECK,Snapshot authentication does not prove freshness; monotonic storage or transparency is external.
C05,Adaptive first-hit risk ledger,paper/main.tex:thm:firsthit,NOT_MECHANIZED,paper/supplement.tex,HUMAN_PROOF,The filtration contains prior charged outcomes; upper hazards can be loose.
C06,"Product envelope applies to actual hazards, not arbitrary upper certificates",paper/main.tex:thm:firsthit,NOT_MECHANIZED,artifact/results/raw/proof-implementation-checks.json,PROOF_AND_COUNTEREXAMPLE,The additive certificate may exceed the deterministic product envelope.
C07,Four-game composition theorem,paper/main.tex:thm:composition,NOT_MECHANIZED,paper/supplement.tex,HUMAN_REDUCTION,"Primitive games must match deployment challenge, leakage, reader, key-use, and coalition surfaces."
C08,Anytime calibration and evidence-conditioned composition,paper/main.tex:thm:evidence,NOT_MECHANIZED,artifact/results/raw/run-summary.json,PROOF_AND_EXACT_PROGRAM,Calibration strata and error spending are predeclared; distribution shift is historywise.
C09,Historywise deployment-shift bridge,paper/main.tex:thm:evidence,NOT_MECHANIZED,artifact/results/raw/run-summary.json,PROOF_AND_COUNTEREXAMPLE,Marginal equality alone is insufficient.
C10,Authenticated derivation-graph lifting,paper/main.tex:prop:dag,NOT_MECHANIZED,paper/supplement.tex,HUMAN_PROOF,The implementation remains a linear-chain instance.
C11,Finite threshold carrier contract,paper/main.tex:prop:threshold,NOT_MECHANIZED,artifact/results/raw/proof-implementation-checks.json,PROOF_AND_ENUMERATION,Visible finite-language carrier; no production robustness or secrecy claim.
C12,Polynomial residual reader equivalence,paper/main.tex:prop:residual,NOT_MECHANIZED,artifact/results/raw/proof-implementation-checks.json,PROOF_AND_DIFFERENTIAL_CHECK,Equivalence is for canonical authenticated field points under the stated finite-field contract.
C13,Public threshold-retention closure,paper/main.tex:lem:closure-alignment,NOT_MECHANIZED,artifact/results/raw/proof-implementation-checks.json,PROOF_AND_ENUMERATION,Duplicate positions count once; canonical unrelated junk contributes nothing.
C14,Finite omission and safeguard campaigns,paper/main.tex:tab:results,NOT_MECHANIZED,artifact/results/raw/run-summary.json,DETERMINISTIC_EXECUTABLE_EVIDENCE,Frozen factorized model; not a distribution over real attackers.
C15,Long-chain cost measurements,paper/main.tex:fig:cost,NOT_MECHANIZED,artifact/results/raw/run-summary.json,FROZEN_CPU_MEASUREMENT,"One recorded CPU host; no fitting, outlier removal, or extrapolation."
C16,Positive instance and removable negative control,paper/main.tex:Finite Contract and Executable Evidence,NOT_MECHANIZED,artifact/results/raw/run-summary.json,CONDITIONAL_EXECUTABLE_INSTANCE,No production watermark or production attestation stack was executed.
