chain_length,session_samples,median_validated_tip_total_us,p95_validated_tip_total_us,median_validated_tip_us_per_stage,replay_samples,median_replay_total_us,replay_to_tip_speedup,verify_samples,median_verify_us,p95_verify_us,serialize_samples,median_serialize_us,p95_serialize_us,manifest_bytes,artifact_bytes,all_verifications_passed
1,31,625.724,796.529,625.724,7,538.233,0.860176371691033,31,256.313,326.688,31,7.801,8.963,479,1089,True
2,31,1277.387,1848.72,638.6935,7,1320.751,1.0339474254865597,31,417.453,1274.473,31,14.021,17.316,1015,1089,True
4,31,2523.237,3167.409,630.80925,7,3140.778,1.2447415759994007,31,653.195,819.153,31,24.056,26.039,2086,1089,True
8,31,5189.257,14049.364,648.657125,7,8655.552,1.667975203386535,31,1193.502,1490.995,31,46.169,85.447,4228,1089,True
16,31,9760.311,11317.807,610.0194375,7,25987.587,2.662577760073424,31,2159.524,2285.371,31,89.253,106.769,8562,1089,True
32,31,19230.249,22250.367,600.94528125,7,91604.395,4.763557403754887,31,4559.587,5511.548,31,184.785,245.457,17210,1089,True
64,31,41056.402,47397.86,641.50628125,7,335647.489,8.17527773135113,31,8345.66,8728.952,31,373.357,405.686,34506,1089,True
128,31,80318.159,88990.464,627.4856171875,7,1317364.453,16.401825806291203,31,16799.0,18271.919,31,765.993,833.053,69438,1089,True
256,31,158095.109,174981.369,617.55901953125,7,5327468.352,33.69786950208561,31,34664.594,36523.32,31,1678.707,2104.161,139262,1089,True
512,31,325194.867,378686.141,635.146224609375,0,,,31,69970.856,77566.997,31,3521.036,4397.264,278910,1089,True
1024,31,661158.876,739331.234,645.66296484375,0,,,31,137198.307,143462.309,31,7402.872,8272.049,560326,1089,True
2048,31,1374532.884,1480618.632,671.158634765625,0,,,31,274476.797,284982.233,31,15219.721,16979.4,1124038,1089,True
