chain_length,sample_kind,sample_index,elapsed_us
1,validated_tip_total,0,1024.99
1,validated_tip_total,1,669.659
1,validated_tip_total,2,796.529
1,validated_tip_total,3,758.993
1,validated_tip_total,4,752.834
1,validated_tip_total,5,703.81
1,validated_tip_total,6,608.729
1,validated_tip_total,7,625.724
1,validated_tip_total,8,712.734
1,validated_tip_total,9,596.03
1,validated_tip_total,10,584.372
1,validated_tip_total,11,582.62
1,validated_tip_total,12,711.552
1,validated_tip_total,13,617.021
1,validated_tip_total,14,603.34
1,validated_tip_total,15,594.157
1,validated_tip_total,16,581.258
1,validated_tip_total,17,687.447
1,validated_tip_total,18,594.488
1,validated_tip_total,19,601.367
1,validated_tip_total,20,608.198
1,validated_tip_total,21,654.146
1,validated_tip_total,22,651.493
1,validated_tip_total,23,601.779
1,validated_tip_total,24,579.545
1,validated_tip_total,25,583.652
1,validated_tip_total,26,723.601
1,validated_tip_total,27,771.823
1,validated_tip_total,28,639.014
1,validated_tip_total,29,610.992
1,validated_tip_total,30,689.379
1,full_prefix_replay_total,0,538.233
1,full_prefix_replay_total,1,507.418
1,full_prefix_replay_total,2,624.483
1,full_prefix_replay_total,3,565.314
1,full_prefix_replay_total,4,469.221
1,full_prefix_replay_total,5,560.988
1,full_prefix_replay_total,6,505.334
1,verify,0,255.672
1,serialize,0,8.383
1,verify,1,263.914
1,serialize,1,8.423
1,verify,2,251.686
1,serialize,2,7.461
1,verify,3,267.509
1,serialize,3,8.963
1,verify,4,256.313
1,serialize,4,7.801
1,verify,5,253.488
1,serialize,5,72.388
1,verify,6,320.058
1,serialize,6,8.112
1,verify,7,257.605
1,serialize,7,8.222
1,verify,8,262.172
1,serialize,8,7.612
1,verify,9,248.962
1,serialize,9,7.611
1,verify,10,297.444
1,serialize,10,8.092
1,verify,11,354.81
1,serialize,11,8.582
1,verify,12,256.393
1,serialize,12,7.622
1,verify,13,292.036
1,serialize,13,8.463
1,verify,14,253.779
1,serialize,14,7.681
1,verify,15,247.769
1,serialize,15,8.313
1,verify,16,248.081
1,serialize,16,7.381
1,verify,17,265.656
1,serialize,17,7.591
1,verify,18,251.365
1,serialize,18,7.471
1,verify,19,246.007
1,serialize,19,7.511
1,verify,20,247.359
1,serialize,20,7.381
1,verify,21,262.662
1,serialize,21,7.351
1,verify,22,244.144
1,serialize,22,7.461
1,verify,23,246.859
1,serialize,23,7.982
1,verify,24,292.918
1,serialize,24,8.282
1,verify,25,326.688
1,serialize,25,8.412
1,verify,26,260.228
1,serialize,26,7.862
1,verify,27,252.998
1,serialize,27,7.511
1,verify,28,283.663
1,serialize,28,7.832
1,verify,29,252.337
1,serialize,29,7.541
1,verify,30,250.324
1,serialize,30,7.441
2,validated_tip_total,0,1212.43
2,validated_tip_total,1,1274.843
2,validated_tip_total,2,1190.037
2,validated_tip_total,3,1171.489
2,validated_tip_total,4,1365.549
2,validated_tip_total,5,2011.723
2,validated_tip_total,6,1303.386
2,validated_tip_total,7,1188.034
2,validated_tip_total,8,1202.956
2,validated_tip_total,9,1173.922
2,validated_tip_total,10,1202.575
2,validated_tip_total,11,1206.782
2,validated_tip_total,12,1175.835
2,validated_tip_total,13,1477.906
2,validated_tip_total,14,1454.882
2,validated_tip_total,15,1211.939
2,validated_tip_total,16,1620.279
2,validated_tip_total,17,1265.819
2,validated_tip_total,18,1283.195
2,validated_tip_total,19,1517.335
2,validated_tip_total,20,1548.151
2,validated_tip_total,21,1315.954
2,validated_tip_total,22,1197.948
2,validated_tip_total,23,1270.046
2,validated_tip_total,24,1277.387
2,validated_tip_total,25,1220.282
2,validated_tip_total,26,1501.712
2,validated_tip_total,27,1520.69
2,validated_tip_total,28,1712.086
2,validated_tip_total,29,1848.72
2,validated_tip_total,30,1284.628
2,full_prefix_replay_total,0,1398.659
2,full_prefix_replay_total,1,1138.881
2,full_prefix_replay_total,2,1205.8
2,full_prefix_replay_total,3,1177.848
2,full_prefix_replay_total,4,1320.751
2,full_prefix_replay_total,5,1324.387
2,full_prefix_replay_total,6,1426.84
2,verify,0,374.68
2,serialize,0,13.941
2,verify,1,1376.715
2,serialize,1,18.728
2,verify,2,715.337
2,serialize,2,15.994
2,verify,3,433.657
2,serialize,3,15.303
2,verify,4,751.332
2,serialize,4,16.585
2,verify,5,400.448
2,serialize,5,14.592
2,verify,6,552.655
2,serialize,6,14.622
2,verify,7,674.367
2,serialize,7,15.413
2,verify,8,1274.473
2,serialize,8,17.316
2,verify,9,413.407
2,serialize,9,14.642
2,verify,10,394.489
2,serialize,10,14.121
2,verify,11,503.361
2,serialize,11,14.793
2,verify,12,387.849
2,serialize,12,13.88
2,verify,13,419.146
2,serialize,13,13.631
2,verify,14,388.27
2,serialize,14,12.919
2,verify,15,392.606
2,serialize,15,13.41
2,verify,16,382.872
2,serialize,16,13.58
2,verify,17,436.942
2,serialize,17,14.151
2,verify,18,418.675
2,serialize,18,13.59
2,verify,19,379.867
2,serialize,19,13.48
2,verify,20,421.139
2,serialize,20,14.021
2,verify,21,383.562
2,serialize,21,12.939
2,verify,22,625.243
2,serialize,22,16.154
2,verify,23,396.151
2,serialize,23,14.302
2,verify,24,408.63
2,serialize,24,14.101
2,verify,25,380.609
2,serialize,25,13.32
2,verify,26,440.258
2,serialize,26,13.93
2,verify,27,420.157
2,serialize,27,13.53
2,verify,28,375.671
2,serialize,28,13.08
2,verify,29,417.453
2,serialize,29,13.3
2,verify,30,377.203
2,serialize,30,13.109
4,validated_tip_total,0,2628.644
4,validated_tip_total,1,2552.951
4,validated_tip_total,2,2625.049
4,validated_tip_total,3,2479.842
4,validated_tip_total,4,2359.833
4,validated_tip_total,5,2527.514
4,validated_tip_total,6,2523.237
4,validated_tip_total,7,2420.814
4,validated_tip_total,8,2394.785
4,validated_tip_total,9,2788.052
4,validated_tip_total,10,2560.683
4,validated_tip_total,11,2379.924
4,validated_tip_total,12,2497.96
4,validated_tip_total,13,2559.211
4,validated_tip_total,14,2374.585
4,validated_tip_total,15,2548.434
4,validated_tip_total,16,2572.661
4,validated_tip_total,17,2398.891
4,validated_tip_total,18,2396.828
4,validated_tip_total,19,2504.069
4,validated_tip_total,20,2366.853
4,validated_tip_total,21,3829.858
4,validated_tip_total,22,3027.259
4,validated_tip_total,23,2805.598
4,validated_tip_total,24,2469.847
4,validated_tip_total,25,2520.403
4,validated_tip_total,26,2626.181
4,validated_tip_total,27,2390.539
4,validated_tip_total,28,2369.447
4,validated_tip_total,29,3167.409
4,validated_tip_total,30,2658.238
4,full_prefix_replay_total,0,3054.059
4,full_prefix_replay_total,1,3026.929
4,full_prefix_replay_total,2,3263.182
4,full_prefix_replay_total,3,3140.778
4,full_prefix_replay_total,4,3711.701
4,full_prefix_replay_total,5,2997.395
4,full_prefix_replay_total,6,3352.395
4,verify,0,720.676
4,serialize,0,25.037
4,verify,1,698.022
4,serialize,1,24.367
4,verify,2,705.243
4,serialize,2,25.959
4,verify,3,629.299
4,serialize,3,28.162
4,verify,4,819.153
4,serialize,4,25.177
4,verify,5,653.195
4,serialize,5,23.986
4,verify,6,658.814
4,serialize,6,24.626
4,verify,7,831.621
4,serialize,7,26.039
4,verify,8,664.532
4,serialize,8,25.148
4,verify,9,639.644
4,serialize,9,23.706
4,verify,10,620.166
4,serialize,10,23.526
4,verify,11,637.492
4,serialize,11,23.836
4,verify,12,739.464
4,serialize,12,25.579
4,verify,13,735.238
4,serialize,13,24.827
4,verify,14,627.947
4,serialize,14,24.526
4,verify,15,654.447
4,serialize,15,24.036
4,verify,16,630.832
4,serialize,16,24.056
4,verify,17,613.707
4,serialize,17,22.985
4,verify,18,724.301
4,serialize,18,24.998
4,verify,19,663.371
4,serialize,19,24.306
4,verify,20,617.542
4,serialize,20,23.174
4,verify,21,627.376
4,serialize,21,22.924
4,verify,22,628.217
4,serialize,22,22.914
4,verify,23,612.424
4,serialize,23,22.995
4,verify,24,655.279
4,serialize,24,24.025
4,verify,25,630.321
4,serialize,25,23.254
4,verify,26,613.195
4,serialize,26,22.613
4,verify,27,626.906
4,serialize,27,22.714
4,verify,28,626.645
4,serialize,28,22.694
4,verify,29,701.117
4,serialize,29,24.707
4,verify,30,679.154
4,serialize,30,24.186
8,validated_tip_total,0,7556.12
8,validated_tip_total,1,6052.376
8,validated_tip_total,2,5924.344
8,validated_tip_total,3,5516.495
8,validated_tip_total,4,5308.896
8,validated_tip_total,5,4894.437
8,validated_tip_total,6,4824.583
8,validated_tip_total,7,4866.185
8,validated_tip_total,8,4944.872
8,validated_tip_total,9,4897.722
8,validated_tip_total,10,5056.419
8,validated_tip_total,11,5140.224
8,validated_tip_total,12,4826.276
8,validated_tip_total,13,14049.364
8,validated_tip_total,14,17320.828
8,validated_tip_total,15,8639.568
8,validated_tip_total,16,4831.143
8,validated_tip_total,17,6267.456
8,validated_tip_total,18,5189.257
8,validated_tip_total,19,5355.555
8,validated_tip_total,20,5246.532
8,validated_tip_total,21,5033.255
8,validated_tip_total,22,4890.04
8,validated_tip_total,23,6128.189
8,validated_tip_total,24,9178.913
8,validated_tip_total,25,11305.809
8,validated_tip_total,26,13368.608
8,validated_tip_total,27,5111.842
8,validated_tip_total,28,4773.877
8,validated_tip_total,29,4870.852
8,validated_tip_total,30,4984.2
8,full_prefix_replay_total,0,8806.116
8,full_prefix_replay_total,1,9730.206
8,full_prefix_replay_total,2,8655.552
8,full_prefix_replay_total,3,8438.758
8,full_prefix_replay_total,4,8406.59
8,full_prefix_replay_total,5,8409.314
8,full_prefix_replay_total,6,9704.838
8,verify,0,1211.989
8,serialize,0,48.903
8,verify,1,1173.292
8,serialize,1,46.519
8,verify,2,1284.017
8,serialize,2,47.4
8,verify,3,1154.113
8,serialize,3,46.149
8,verify,4,1134.454
8,serialize,4,44.987
8,verify,5,1192.19
8,serialize,5,46.028
8,verify,6,1193.502
8,serialize,6,46.119
8,verify,7,1136.707
8,serialize,7,45.157
8,verify,8,1280.241
8,serialize,8,48.493
8,verify,9,1297.527
8,serialize,9,85.447
8,verify,10,1180.763
8,serialize,10,45.929
8,verify,11,1138.41
8,serialize,11,44.637
8,verify,12,1490.995
8,serialize,12,48.312
8,verify,13,1231.999
8,serialize,13,46.149
8,verify,14,1239.039
8,serialize,14,46.169
8,verify,15,1282.004
8,serialize,15,46.379
8,verify,16,1136.026
8,serialize,16,89.554
8,verify,17,1735.38
8,serialize,17,49.524
8,verify,18,1206.281
8,serialize,18,61.461
8,verify,19,1147.834
8,serialize,19,45.558
8,verify,20,1142.496
8,serialize,20,44.106
8,verify,21,1289.375
8,serialize,21,45.728
8,verify,22,1138.509
8,serialize,22,44.156
8,verify,23,1151.809
8,serialize,23,44.747
8,verify,24,1254.743
8,serialize,24,54.371
8,verify,25,1315.074
8,serialize,25,46.7
8,verify,26,1146.842
8,serialize,26,59.198
8,verify,27,1250.587
8,serialize,27,47.531
8,verify,28,1147.793
8,serialize,28,44.637
8,verify,29,1135.805
8,serialize,29,44.466
8,verify,30,1224.258
8,serialize,30,65.778
16,validated_tip_total,0,10299.917
16,validated_tip_total,1,9715.414
16,validated_tip_total,2,9580.313
16,validated_tip_total,3,9885.528
16,validated_tip_total,4,11465.056
16,validated_tip_total,5,10017.515
16,validated_tip_total,6,9785.128
16,validated_tip_total,7,10017.004
16,validated_tip_total,8,9795.273
16,validated_tip_total,9,9465.24
16,validated_tip_total,10,9455.546
16,validated_tip_total,11,9483.227
16,validated_tip_total,12,9451.731
16,validated_tip_total,13,9422.998
16,validated_tip_total,14,9405.792
16,validated_tip_total,15,9711.238
16,validated_tip_total,16,10856.808
16,validated_tip_total,17,10216.082
16,validated_tip_total,18,11317.807
16,validated_tip_total,19,10126.148
16,validated_tip_total,20,9382.527
16,validated_tip_total,21,9585.79
16,validated_tip_total,22,10416.871
16,validated_tip_total,23,9397.349
16,validated_tip_total,24,9689.185
16,validated_tip_total,25,9610.827
16,validated_tip_total,26,9659.921
16,validated_tip_total,27,9908.733
16,validated_tip_total,28,9915.353
16,validated_tip_total,29,9927.11
16,validated_tip_total,30,9760.311
16,full_prefix_replay_total,0,25987.587
16,full_prefix_replay_total,1,26023.36
16,full_prefix_replay_total,2,25511.216
16,full_prefix_replay_total,3,26148.186
16,full_prefix_replay_total,4,26285.612
16,full_prefix_replay_total,5,25529.032
16,full_prefix_replay_total,6,25531.095
16,verify,0,2163.931
16,serialize,0,89.794
16,verify,1,2133.585
16,serialize,1,88.773
16,verify,2,2151.452
16,serialize,2,89.023
16,verify,3,2128.447
16,serialize,3,88.412
16,verify,4,2167.746
16,serialize,4,88.422
16,verify,5,2129.699
16,serialize,5,87.671
16,verify,6,2157.752
16,serialize,6,90.285
16,verify,7,2134.757
16,serialize,7,90.455
16,verify,8,2157.901
16,serialize,8,106.769
16,verify,9,2334.835
16,serialize,9,93.109
16,verify,10,2248.887
16,serialize,10,91.637
16,verify,11,2179.554
16,serialize,11,89.223
16,verify,12,2141.687
16,serialize,12,89.233
16,verify,13,2199.734
16,serialize,13,90.925
16,verify,14,2147.015
16,serialize,14,89.924
16,verify,15,2186.354
16,serialize,15,89.253
16,verify,16,2161.737
16,serialize,16,90.865
16,verify,17,2149.93
16,serialize,17,88.902
16,verify,18,2162.839
16,serialize,18,89.965
16,verify,19,2152.253
16,serialize,19,88.482
16,verify,20,2159.844
16,serialize,20,88.722
16,verify,21,2140.625
16,serialize,21,88.803
16,verify,22,2159.524
16,serialize,22,87.671
16,verify,23,2177.05
16,serialize,23,90.726
16,verify,24,2151.973
16,serialize,24,90.035
16,verify,25,2171.151
16,serialize,25,88.252
16,verify,26,2134.857
16,serialize,26,89.093
16,verify,27,2178.102
16,serialize,27,89.154
16,verify,28,2145.343
16,serialize,28,89.363
16,verify,29,2192.773
16,serialize,29,90.125
16,verify,30,2285.371
16,serialize,30,127.0
32,validated_tip_total,0,22250.367
32,validated_tip_total,1,19632.98
32,validated_tip_total,2,19394.113
32,validated_tip_total,3,21992.743
32,validated_tip_total,4,19473.923
32,validated_tip_total,5,18730.653
32,validated_tip_total,6,18873.436
32,validated_tip_total,7,19498.62
32,validated_tip_total,8,18917.652
32,validated_tip_total,9,18871.513
32,validated_tip_total,10,18804.933
32,validated_tip_total,11,18819.997
32,validated_tip_total,12,18858.072
32,validated_tip_total,13,18847.797
32,validated_tip_total,14,18836.09
32,validated_tip_total,15,18805.133
32,validated_tip_total,16,18908.048
32,validated_tip_total,17,20814.004
32,validated_tip_total,18,19545.699
32,validated_tip_total,19,19617.026
32,validated_tip_total,20,19405.541
32,validated_tip_total,21,19106.634
32,validated_tip_total,22,19530.617
32,validated_tip_total,23,19230.249
32,validated_tip_total,24,18913.846
32,validated_tip_total,25,19315.456
32,validated_tip_total,26,19446.431
32,validated_tip_total,27,19037.321
32,validated_tip_total,28,19080.705
32,validated_tip_total,29,19379.522
32,validated_tip_total,30,26109.299
32,full_prefix_replay_total,0,89145.274
32,full_prefix_replay_total,1,91604.395
32,full_prefix_replay_total,2,91342.524
32,full_prefix_replay_total,3,91064.019
32,full_prefix_replay_total,4,103858.104
32,full_prefix_replay_total,5,103417.851
32,full_prefix_replay_total,6,98576.053
32,verify,0,6028.67
32,serialize,0,186.128
32,verify,1,4586.467
32,serialize,1,185.337
32,verify,2,4613.277
32,serialize,2,201.05
32,verify,3,4620.217
32,serialize,3,184.766
32,verify,4,5511.548
32,serialize,4,186.829
32,verify,5,5397.928
32,serialize,5,189.673
32,verify,6,4416.794
32,serialize,6,351.765
32,verify,7,4810.091
32,serialize,7,233.969
32,verify,8,4597.183
32,serialize,8,185.166
32,verify,9,4803.341
32,serialize,9,185.617
32,verify,10,4368.281
32,serialize,10,182.893
32,verify,11,4505.867
32,serialize,11,212.898
32,verify,12,4307.971
32,serialize,12,181.471
32,verify,13,4701.078
32,serialize,13,184.785
32,verify,14,4309.884
32,serialize,14,195.892
32,verify,15,4177.718
32,serialize,15,179.097
32,verify,16,4563.052
32,serialize,16,211.326
32,verify,17,4457.975
32,serialize,17,245.457
32,verify,18,4256.795
32,serialize,18,179.859
32,verify,19,4284.526
32,serialize,19,180.289
32,verify,20,5333.733
32,serialize,20,183.133
32,verify,21,4563.212
32,serialize,21,200.709
32,verify,22,4285.508
32,serialize,22,182.443
32,verify,23,4293.84
32,serialize,23,195.131
32,verify,24,4383.143
32,serialize,24,180.81
32,verify,25,4738.284
32,serialize,25,184.025
32,verify,26,4544.174
32,serialize,26,184.496
32,verify,27,4544.354
32,serialize,27,182.622
32,verify,28,4559.587
32,serialize,28,183.734
32,verify,29,4702.571
32,serialize,29,182.062
32,verify,30,4544.064
32,serialize,30,181.35
64,validated_tip_total,0,41056.402
64,validated_tip_total,1,42657.923
64,validated_tip_total,2,45384.044
64,validated_tip_total,3,43086.773
64,validated_tip_total,4,41842.166
64,validated_tip_total,5,40386.603
64,validated_tip_total,6,43932.536
64,validated_tip_total,7,47397.86
64,validated_tip_total,8,49259.98
64,validated_tip_total,9,41022.216
64,validated_tip_total,10,40048.878
64,validated_tip_total,11,39062.276
64,validated_tip_total,12,42920.577
64,validated_tip_total,13,39539.109
64,validated_tip_total,14,38865.144
64,validated_tip_total,15,38652.185
64,validated_tip_total,16,38702.82
64,validated_tip_total,17,39173.664
64,validated_tip_total,18,39296.567
64,validated_tip_total,19,38725.415
64,validated_tip_total,20,39015.097
64,validated_tip_total,21,39707.671
64,validated_tip_total,22,41301.811
64,validated_tip_total,23,43344.75
64,validated_tip_total,24,39504.968
64,validated_tip_total,25,43542.245
64,validated_tip_total,26,41785.023
64,validated_tip_total,27,44935.676
64,validated_tip_total,28,40578.08
64,validated_tip_total,29,42052.701
64,validated_tip_total,30,41127.972
64,full_prefix_replay_total,0,385062.09
64,full_prefix_replay_total,1,340023.33
64,full_prefix_replay_total,2,337650.849
64,full_prefix_replay_total,3,335285.983
64,full_prefix_replay_total,4,334356.571
64,full_prefix_replay_total,5,335388.842
64,full_prefix_replay_total,6,335647.489
64,verify,0,8297.828
64,serialize,0,364.484
64,verify,1,8518.778
64,serialize,1,384.484
64,verify,2,8397.427
64,serialize,2,359.788
64,verify,3,8382.364
64,serialize,3,399.276
64,verify,4,8371.508
64,serialize,4,379.306
64,verify,5,8245.901
64,serialize,5,362.661
64,verify,6,8345.66
64,serialize,6,404.714
64,verify,7,8815.846
64,serialize,7,399.777
64,verify,8,8341.544
64,serialize,8,405.686
64,verify,9,8542.834
64,serialize,9,391.775
64,verify,10,8293.352
64,serialize,10,362.922
64,verify,11,8274.053
64,serialize,11,355.661
64,verify,12,8255.285
64,serialize,12,375.02
64,verify,13,8292.79
64,serialize,13,356.432
64,verify,14,8372.44
64,serialize,14,358.635
64,verify,15,8270.938
64,serialize,15,377.274
64,verify,16,8301.384
64,serialize,16,366.497
64,verify,17,8569.764
64,serialize,17,362.912
64,verify,18,8430.046
64,serialize,18,356.993
64,verify,19,8279.281
64,serialize,19,392.987
64,verify,20,8469.384
64,serialize,20,377.824
64,verify,21,8319.921
64,serialize,21,358.315
64,verify,22,8250.979
64,serialize,22,358.165
64,verify,23,8530.716
64,serialize,23,373.357
64,verify,24,8289.956
64,serialize,24,412.426
64,verify,25,8265.52
64,serialize,25,358.586
64,verify,26,8245.29
64,serialize,26,379.456
64,verify,27,8401.783
64,serialize,27,377.654
64,verify,28,8488.502
64,serialize,28,365.246
64,verify,29,8612.578
64,serialize,29,364.003
64,verify,30,8728.952
64,serialize,30,386.567
128,validated_tip_total,0,79939.134
128,validated_tip_total,1,77636.405
128,validated_tip_total,2,77418.561
128,validated_tip_total,3,84603.537
128,validated_tip_total,4,87733.86
128,validated_tip_total,5,87381.805
128,validated_tip_total,6,83952.245
128,validated_tip_total,7,83460.3
128,validated_tip_total,8,80539.73
128,validated_tip_total,9,77983.003
128,validated_tip_total,10,79520.669
128,validated_tip_total,11,79556.251
128,validated_tip_total,12,81539.313
128,validated_tip_total,13,79654.178
128,validated_tip_total,14,80318.159
128,validated_tip_total,15,83830.573
128,validated_tip_total,16,82397.634
128,validated_tip_total,17,87857.015
128,validated_tip_total,18,82476.772
128,validated_tip_total,19,78277.942
128,validated_tip_total,20,137919.519
128,validated_tip_total,21,78154.787
128,validated_tip_total,22,77046.142
128,validated_tip_total,23,78847.031
128,validated_tip_total,24,82571.14
128,validated_tip_total,25,77713.629
128,validated_tip_total,26,79073.619
128,validated_tip_total,27,83785.252
128,validated_tip_total,28,88990.464
128,validated_tip_total,29,79975.435
128,validated_tip_total,30,79867.234
128,full_prefix_replay_total,0,1348268.257
128,full_prefix_replay_total,1,1344166.735
128,full_prefix_replay_total,2,1310081.474
128,full_prefix_replay_total,3,1312132.291
128,full_prefix_replay_total,4,1317364.453
128,full_prefix_replay_total,5,1333026.773
128,full_prefix_replay_total,6,1306578.77
128,verify,0,16364.081
128,serialize,0,736.62
128,verify,1,16881.993
128,serialize,1,833.053
128,verify,2,16833.57
128,serialize,2,832.413
128,verify,3,16467.294
128,serialize,3,769.659
128,verify,4,16354.075
128,serialize,4,809.228
128,verify,5,17238.926
128,serialize,5,765.993
128,verify,6,16951.927
128,serialize,6,824.15
128,verify,7,16616.437
128,serialize,7,744.292
128,verify,8,16867.01
128,serialize,8,776.559
128,verify,9,16519.031
128,serialize,9,731.852
128,verify,10,16364.561
128,serialize,10,733.515
128,verify,11,16378.831
128,serialize,11,729.028
128,verify,12,16745.5
128,serialize,12,821.937
128,verify,13,16937.606
128,serialize,13,758.623
128,verify,14,16492.502
128,serialize,14,767.916
128,verify,15,16396.77
128,serialize,15,771.772
128,verify,16,18126.082
128,serialize,16,852.222
128,verify,17,16883.706
128,serialize,17,751.271
128,verify,18,18271.919
128,serialize,18,787.095
128,verify,19,17347.89
128,serialize,19,761.567
128,verify,20,17052.278
128,serialize,20,758.513
128,verify,21,16403.941
128,serialize,21,753.586
128,verify,22,19232.172
128,serialize,22,784.731
128,verify,23,16930.606
128,serialize,23,778.021
128,verify,24,16818.189
128,serialize,24,807.145
128,verify,25,16797.317
128,serialize,25,751.092
128,verify,26,16799.0
128,serialize,26,738.753
128,verify,27,16600.353
128,serialize,27,745.653
128,verify,28,16368.978
128,serialize,28,751.332
128,verify,29,16486.043
128,serialize,29,769.74
128,verify,30,16995.824
128,serialize,30,757.331
256,validated_tip_total,0,156014.963
256,validated_tip_total,1,158528.515
256,validated_tip_total,2,156447.098
256,validated_tip_total,3,159320.338
256,validated_tip_total,4,159429.34
256,validated_tip_total,5,158095.109
256,validated_tip_total,6,153820.237
256,validated_tip_total,7,154356.066
256,validated_tip_total,8,163701.399
256,validated_tip_total,9,154755.662
256,validated_tip_total,10,154108.857
256,validated_tip_total,11,162813.373
256,validated_tip_total,12,155056.172
256,validated_tip_total,13,154979.398
256,validated_tip_total,14,164994.209
256,validated_tip_total,15,156010.676
256,validated_tip_total,16,154951.775
256,validated_tip_total,17,165892.97
256,validated_tip_total,18,217417.223
256,validated_tip_total,19,155485.572
256,validated_tip_total,20,174981.369
256,validated_tip_total,21,170276.184
256,validated_tip_total,22,161809.474
256,validated_tip_total,23,166888.306
256,validated_tip_total,24,156263.073
256,validated_tip_total,25,157641.211
256,validated_tip_total,26,163967.946
256,validated_tip_total,27,160415.513
256,validated_tip_total,28,157623.644
256,validated_tip_total,29,161918.206
256,validated_tip_total,30,156343.283
256,full_prefix_replay_total,0,5318679.007
256,full_prefix_replay_total,1,5141267.857
256,full_prefix_replay_total,2,5474573.649
256,full_prefix_replay_total,3,5327468.352
256,full_prefix_replay_total,4,5314427.264
256,full_prefix_replay_total,5,5382175.282
256,full_prefix_replay_total,6,5349678.205
256,verify,0,35005.253
256,serialize,0,1619.488
256,verify,1,34495.642
256,serialize,1,1678.707
256,verify,2,36523.32
256,serialize,2,1987.758
256,verify,3,34625.175
256,serialize,3,1699.006
256,verify,4,34167.492
256,serialize,4,1807.749
256,verify,5,35457.598
256,serialize,5,1785.546
256,verify,6,35503.446
256,serialize,6,1757.645
256,verify,7,35113.925
256,serialize,7,1647.009
256,verify,8,37110.486
256,serialize,8,1700.469
256,verify,9,34173.0
256,serialize,9,1600.159
256,verify,10,34664.594
256,serialize,10,1621.09
256,verify,11,35650.857
256,serialize,11,1660.289
256,verify,12,34290.446
256,serialize,12,1579.127
256,verify,13,34688.801
256,serialize,13,1838.695
256,verify,14,34895.189
256,serialize,14,1604.125
256,verify,15,33854.114
256,serialize,15,1745.185
256,verify,16,36315.52
256,serialize,16,1699.577
256,verify,17,34416.945
256,serialize,17,1907.528
256,verify,18,33895.026
256,serialize,18,1592.638
256,verify,19,36451.123
256,serialize,19,1676.493
256,verify,20,34486.698
256,serialize,20,1617.385
256,verify,21,34350.105
256,serialize,21,2163.55
256,verify,22,34008.015
256,serialize,22,1629.823
256,verify,23,33577.812
256,serialize,23,1536.674
256,verify,24,35360.524
256,serialize,24,1554.841
256,verify,25,35760.731
256,serialize,25,1569.303
256,verify,26,35951.496
256,serialize,26,2104.161
256,verify,27,35702.073
256,serialize,27,1720.999
256,verify,28,34371.166
256,serialize,28,1691.575
256,verify,29,33447.377
256,serialize,29,1952.435
256,verify,30,33678.953
256,serialize,30,1645.727
512,validated_tip_total,0,378686.141
512,validated_tip_total,1,321438.42
512,validated_tip_total,2,314846.748
512,validated_tip_total,3,320372.889
512,validated_tip_total,4,313907.676
512,validated_tip_total,5,317132.841
512,validated_tip_total,6,325194.867
512,validated_tip_total,7,326148.091
512,validated_tip_total,8,320414.231
512,validated_tip_total,9,323252.899
512,validated_tip_total,10,322217.753
512,validated_tip_total,11,319438.939
512,validated_tip_total,12,377313.67
512,validated_tip_total,13,311118.925
512,validated_tip_total,14,316957.162
512,validated_tip_total,15,321155.299
512,validated_tip_total,16,318154.119
512,validated_tip_total,17,315143.084
512,validated_tip_total,18,320709.583
512,validated_tip_total,19,325618.562
512,validated_tip_total,20,334777.717
512,validated_tip_total,21,346454.435
512,validated_tip_total,22,336689.521
512,validated_tip_total,23,404161.959
512,validated_tip_total,24,350982.369
512,validated_tip_total,25,341208.798
512,validated_tip_total,26,333877.143
512,validated_tip_total,27,343777.929
512,validated_tip_total,28,344793.52
512,validated_tip_total,29,334521.43
512,validated_tip_total,30,335771.651
512,verify,0,69428.543
512,serialize,0,3307.668
512,verify,1,67736.365
512,serialize,1,3637.3
512,verify,2,73602.403
512,serialize,2,4678.404
512,verify,3,70310.784
512,serialize,3,3610.33
512,verify,4,72180.475
512,serialize,4,3394.427
512,verify,5,75350.257
512,serialize,5,3796.237
512,verify,6,70251.315
512,serialize,6,4397.264
512,verify,7,76869.745
512,serialize,7,3717.96
512,verify,8,71203.607
512,serialize,8,3221.749
512,verify,9,77566.997
512,serialize,9,4014.964
512,verify,10,71095.194
512,serialize,10,3198.805
512,verify,11,67024.268
512,serialize,11,3391.102
512,verify,12,71466.339
512,serialize,12,3666.133
512,verify,13,69970.856
512,serialize,13,3238.485
512,verify,14,69867.331
512,serialize,14,3419.214
512,verify,15,70625.975
512,serialize,15,3418.283
512,verify,16,68437.297
512,serialize,16,3430.872
512,verify,17,69427.495
512,serialize,17,3248.049
512,verify,18,68435.895
512,serialize,18,3515.588
512,verify,19,68072.873
512,serialize,19,3626.835
512,verify,20,73355.349
512,serialize,20,3540.966
512,verify,21,74343.845
512,serialize,21,3844.128
512,verify,22,71939.095
512,serialize,22,3606.224
512,verify,23,78140.633
512,serialize,23,3521.036
512,verify,24,69714.965
512,serialize,24,3598.262
512,verify,25,68574.703
512,serialize,25,3312.314
512,verify,26,69507.786
512,serialize,26,3529.379
512,verify,27,67543.663
512,serialize,27,3309.701
512,verify,28,67185.147
512,serialize,28,3362.67
512,verify,29,68786.558
512,serialize,29,3294.037
512,verify,30,67565.966
512,serialize,30,3602.838
1024,validated_tip_total,0,660982.371
1024,validated_tip_total,1,739331.234
1024,validated_tip_total,2,650194.616
1024,validated_tip_total,3,685307.184
1024,validated_tip_total,4,683167.934
1024,validated_tip_total,5,661663.233
1024,validated_tip_total,6,773647.824
1024,validated_tip_total,7,668888.245
1024,validated_tip_total,8,640537.645
1024,validated_tip_total,9,644339.31
1024,validated_tip_total,10,659250.48
1024,validated_tip_total,11,724011.813
1024,validated_tip_total,12,695696.131
1024,validated_tip_total,13,655835.011
1024,validated_tip_total,14,626566.767
1024,validated_tip_total,15,648154.455
1024,validated_tip_total,16,641845.216
1024,validated_tip_total,17,717138.062
1024,validated_tip_total,18,658438.373
1024,validated_tip_total,19,646649.854
1024,validated_tip_total,20,670425.218
1024,validated_tip_total,21,645800.167
1024,validated_tip_total,22,720016.754
1024,validated_tip_total,23,661158.876
1024,validated_tip_total,24,661695.417
1024,validated_tip_total,25,666761.681
1024,validated_tip_total,26,682190.6
1024,validated_tip_total,27,738825.457
1024,validated_tip_total,28,641187.08
1024,validated_tip_total,29,646974.72
1024,validated_tip_total,30,645222.054
1024,verify,0,136221.594
1024,serialize,0,7147.731
1024,verify,1,140102.789
1024,serialize,1,7402.872
1024,verify,2,132235.444
1024,serialize,2,7201.751
1024,verify,3,132596.683
1024,serialize,3,7456.803
1024,verify,4,134242.409
1024,serialize,4,7454.6
1024,verify,5,137629.216
1024,serialize,5,7121.612
1024,verify,6,139631.405
1024,serialize,6,7172.177
1024,verify,7,138115.272
1024,serialize,7,7596.65
1024,verify,8,139062.376
1024,serialize,8,7087.05
1024,verify,9,134672.756
1024,serialize,9,7059.88
1024,verify,10,137221.932
1024,serialize,10,7528.119
1024,verify,11,135433.382
1024,serialize,11,7282.181
1024,verify,12,134603.774
1024,serialize,12,7111.987
1024,verify,13,137431.556
1024,serialize,13,7337.314
1024,verify,14,135310.89
1024,serialize,14,8576.404
1024,verify,15,137198.307
1024,serialize,15,7128.883
1024,verify,16,135280.123
1024,serialize,16,7214.471
1024,verify,17,135336.658
1024,serialize,17,7339.187
1024,verify,18,138005.753
1024,serialize,18,7474.55
1024,verify,19,136486.825
1024,serialize,19,7404.564
1024,verify,20,138043.449
1024,serialize,20,7963.72
1024,verify,21,139761.564
1024,serialize,21,7748.208
1024,verify,22,137733.757
1024,serialize,22,7077.507
1024,verify,23,135589.475
1024,serialize,23,7637.733
1024,verify,24,137705.655
1024,serialize,24,7065.147
1024,verify,25,136591.271
1024,serialize,25,7581.198
1024,verify,26,134103.237
1024,serialize,26,7070.566
1024,verify,27,153593.604
1024,serialize,27,7584.623
1024,verify,28,136763.688
1024,serialize,28,8232.21
1024,verify,29,143462.309
1024,serialize,29,7414.76
1024,verify,30,137501.8
1024,serialize,30,8272.049
2048,validated_tip_total,0,1509291.889
2048,validated_tip_total,1,1374532.884
2048,validated_tip_total,2,1360763.768
2048,validated_tip_total,3,1448227.016
2048,validated_tip_total,4,1348242.309
2048,validated_tip_total,5,1418843.663
2048,validated_tip_total,6,1294504.166
2048,validated_tip_total,7,1323010.113
2048,validated_tip_total,8,1439621.061
2048,validated_tip_total,9,1379743.926
2048,validated_tip_total,10,1386635.121
2048,validated_tip_total,11,1436209.271
2048,validated_tip_total,12,1315316.604
2048,validated_tip_total,13,1403345.874
2048,validated_tip_total,14,1333071.712
2048,validated_tip_total,15,1373740.123
2048,validated_tip_total,16,1480618.632
2048,validated_tip_total,17,1382012.211
2048,validated_tip_total,18,1296786.627
2048,validated_tip_total,19,1418914.13
2048,validated_tip_total,20,1281883.816
2048,validated_tip_total,21,1412956.871
2048,validated_tip_total,22,1274768.083
2048,validated_tip_total,23,1307702.923
2048,validated_tip_total,24,1438684.345
2048,validated_tip_total,25,1300558.595
2048,validated_tip_total,26,1287708.049
2048,validated_tip_total,27,1416851.035
2048,validated_tip_total,28,1322374.74
2048,validated_tip_total,29,1402746.328
2048,validated_tip_total,30,1282958.147
2048,verify,0,281089.259
2048,serialize,0,16747.032
2048,verify,1,287276.706
2048,serialize,1,14966.143
2048,verify,2,273347.581
2048,serialize,2,16979.4
2048,verify,3,280988.909
2048,serialize,3,14958.672
2048,verify,4,283150.325
2048,serialize,4,15903.823
2048,verify,5,273260.922
2048,serialize,5,14572.967
2048,verify,6,274476.797
2048,serialize,6,15185.862
2048,verify,7,272632.015
2048,serialize,7,14889.837
2048,verify,8,277219.121
2048,serialize,8,15050.658
2048,verify,9,277203.968
2048,serialize,9,15126.07
2048,verify,10,280736.902
2048,serialize,10,15274.412
2048,verify,11,282833.061
2048,serialize,11,15527.589
2048,verify,12,281983.323
2048,serialize,12,14265.295
2048,verify,13,275982.395
2048,serialize,13,15281.262
2048,verify,14,275081.046
2048,serialize,14,15860.249
2048,verify,15,273489.234
2048,serialize,15,15022.869
2048,verify,16,269811.094
2048,serialize,16,15625.308
2048,verify,17,269229.545
2048,serialize,17,15759.248
2048,verify,18,280330.048
2048,serialize,18,15341.674
2048,verify,19,272087.592
2048,serialize,19,14349.303
2048,verify,20,271077.263
2048,serialize,20,14481.22
2048,verify,21,277977.025
2048,serialize,21,17531.584
2048,verify,22,283298.189
2048,serialize,22,15126.403
2048,verify,23,272163.926
2048,serialize,23,15340.572
2048,verify,24,268420.367
2048,serialize,24,15262.276
2048,verify,25,284982.233
2048,serialize,25,15024.45
2048,verify,26,270913.389
2048,serialize,26,14749.13
2048,verify,27,269746.016
2048,serialize,27,14811.262
2048,verify,28,270422.106
2048,serialize,28,15637.997
2048,verify,29,271558.172
2048,serialize,29,15219.721
2048,verify,30,273959.156
2048,serialize,30,16030.012
