mask,kept,read_success,expected_success,public_authorized
00000,0,False,False,False
00001,1,False,False,False
00010,1,False,False,False
00011,2,False,False,False
00100,1,False,False,False
00101,2,False,False,False
00110,2,False,False,False
00111,3,True,True,True
01000,1,False,False,False
01001,2,False,False,False
01010,2,False,False,False
01011,3,True,True,True
01100,2,False,False,False
01101,3,True,True,True
01110,3,True,True,True
01111,4,True,True,True
10000,1,False,False,False
10001,2,False,False,False
10010,2,False,False,False
10011,3,True,True,True
10100,2,False,False,False
10101,3,True,True,True
10110,3,True,True,True
10111,4,True,True,True
11000,2,False,False,False
11001,3,True,True,True
11010,3,True,True,True
11011,4,True,True,True
11100,3,True,True,True
11101,4,True,True,True
11110,4,True,True,True
11111,5,True,True,True
