chain_length,elapsed_us,sample_index,sample_kind
1,783.467,0,validated_tip_end_to_end
1,744.626,0,validated_tip_append_only
1,37.694,0,validated_tip_snapshot_export
1,284.438,0,verify_distinct_session_export
1,19.048,0,serialize_distinct_session_export
1,683.559,1,validated_tip_end_to_end
1,647.396,1,validated_tip_append_only
1,35.598,1,validated_tip_snapshot_export
1,290.754,1,verify_distinct_session_export
1,9.297,1,serialize_distinct_session_export
1,683.571,2,validated_tip_end_to_end
1,646.529,2,validated_tip_append_only
1,36.539,2,validated_tip_snapshot_export
1,294.632,2,verify_distinct_session_export
1,8.709,2,serialize_distinct_session_export
1,687.57,3,validated_tip_end_to_end
1,652.249,3,validated_tip_append_only
1,34.897,3,validated_tip_snapshot_export
1,272.956,3,verify_distinct_session_export
1,8.777,3,serialize_distinct_session_export
1,682.714,4,validated_tip_end_to_end
1,647.286,4,validated_tip_append_only
1,34.958,4,validated_tip_snapshot_export
1,276.794,4,verify_distinct_session_export
1,8.31,4,serialize_distinct_session_export
1,686.452,5,validated_tip_end_to_end
1,650.729,5,validated_tip_append_only
1,35.297,5,validated_tip_snapshot_export
1,272.631,5,verify_distinct_session_export
1,8.505,5,serialize_distinct_session_export
1,666.105,6,validated_tip_end_to_end
1,630.369,6,validated_tip_append_only
1,35.416,6,validated_tip_snapshot_export
1,272.031,6,verify_distinct_session_export
1,10.777,6,serialize_distinct_session_export
1,668.903,7,validated_tip_end_to_end
1,633.385,7,validated_tip_append_only
1,35.23,7,validated_tip_snapshot_export
1,285.417,7,verify_distinct_session_export
1,8.784,7,serialize_distinct_session_export
1,688.029,8,validated_tip_end_to_end
1,643.305,8,validated_tip_append_only
1,44.192,8,validated_tip_snapshot_export
1,273.755,8,verify_distinct_session_export
1,8.445,8,serialize_distinct_session_export
1,679.858,9,validated_tip_end_to_end
1,644.554,9,validated_tip_append_only
1,34.904,9,validated_tip_snapshot_export
1,275.512,9,verify_distinct_session_export
1,8.512,9,serialize_distinct_session_export
1,693.182,10,validated_tip_end_to_end
1,657.873,10,validated_tip_append_only
1,34.9,10,validated_tip_snapshot_export
1,271.499,10,verify_distinct_session_export
1,8.458,10,serialize_distinct_session_export
1,687.363,11,validated_tip_end_to_end
1,651.597,11,validated_tip_append_only
1,35.298,11,validated_tip_snapshot_export
1,273.68,11,verify_distinct_session_export
1,8.274,11,serialize_distinct_session_export
1,683.929,12,validated_tip_end_to_end
1,648.981,12,validated_tip_append_only
1,34.468,12,validated_tip_snapshot_export
1,269.49,12,verify_distinct_session_export
1,8.275,12,serialize_distinct_session_export
1,653.36,13,validated_tip_end_to_end
1,618.308,13,validated_tip_append_only
1,34.721,13,validated_tip_snapshot_export
1,280.884,13,verify_distinct_session_export
1,8.27,13,serialize_distinct_session_export
1,651.022,14,validated_tip_end_to_end
1,615.568,14,validated_tip_append_only
1,35.13,14,validated_tip_snapshot_export
1,276.931,14,verify_distinct_session_export
1,8.79,14,serialize_distinct_session_export
1,680.878,15,validated_tip_end_to_end
1,644.925,15,validated_tip_append_only
1,35.526,15,validated_tip_snapshot_export
1,274.631,15,verify_distinct_session_export
1,8.623,15,serialize_distinct_session_export
1,679.39,16,validated_tip_end_to_end
1,642.64,16,validated_tip_append_only
1,36.34,16,validated_tip_snapshot_export
1,273.249,16,verify_distinct_session_export
1,8.574,16,serialize_distinct_session_export
1,680.364,17,validated_tip_end_to_end
1,644.606,17,validated_tip_append_only
1,35.306,17,validated_tip_snapshot_export
1,272.345,17,verify_distinct_session_export
1,8.761,17,serialize_distinct_session_export
1,676.769,18,validated_tip_end_to_end
1,641.404,18,validated_tip_append_only
1,34.921,18,validated_tip_snapshot_export
1,270.762,18,verify_distinct_session_export
1,8.107,18,serialize_distinct_session_export
1,674.808,19,validated_tip_end_to_end
1,639.558,19,validated_tip_append_only
1,34.807,19,validated_tip_snapshot_export
1,275.236,19,verify_distinct_session_export
1,8.682,19,serialize_distinct_session_export
1,674.064,20,validated_tip_end_to_end
1,637.423,20,validated_tip_append_only
1,36.217,20,validated_tip_snapshot_export
1,282.13,20,verify_distinct_session_export
1,8.518,20,serialize_distinct_session_export
1,666.204,21,validated_tip_end_to_end
1,631.137,21,validated_tip_append_only
1,34.65,21,validated_tip_snapshot_export
1,284.151,21,verify_distinct_session_export
1,8.697,21,serialize_distinct_session_export
1,671.385,22,validated_tip_end_to_end
1,635.166,22,validated_tip_append_only
1,35.732,22,validated_tip_snapshot_export
1,275.175,22,verify_distinct_session_export
1,8.517,22,serialize_distinct_session_export
1,679.914,23,validated_tip_end_to_end
1,644.528,23,validated_tip_append_only
1,34.935,23,validated_tip_snapshot_export
1,271.068,23,verify_distinct_session_export
1,8.262,23,serialize_distinct_session_export
1,704.701,24,validated_tip_end_to_end
1,668.53,24,validated_tip_append_only
1,35.737,24,validated_tip_snapshot_export
1,273.902,24,verify_distinct_session_export
1,8.43,24,serialize_distinct_session_export
1,676.632,25,validated_tip_end_to_end
1,641.672,25,validated_tip_append_only
1,34.516,25,validated_tip_snapshot_export
1,279.53,25,verify_distinct_session_export
1,8.406,25,serialize_distinct_session_export
1,657.942,26,validated_tip_end_to_end
1,622.391,26,validated_tip_append_only
1,35.053,26,validated_tip_snapshot_export
1,279.694,26,verify_distinct_session_export
1,9.07,26,serialize_distinct_session_export
1,663.847,27,validated_tip_end_to_end
1,629.025,27,validated_tip_append_only
1,34.496,27,validated_tip_snapshot_export
1,284.539,27,verify_distinct_session_export
1,8.562,27,serialize_distinct_session_export
1,677.997,28,validated_tip_end_to_end
1,626.129,28,validated_tip_append_only
1,51.372,28,validated_tip_snapshot_export
1,276.219,28,verify_distinct_session_export
1,8.585,28,serialize_distinct_session_export
1,665.772,29,validated_tip_end_to_end
1,631.137,29,validated_tip_append_only
1,34.234,29,validated_tip_snapshot_export
1,272.125,29,verify_distinct_session_export
1,8.372,29,serialize_distinct_session_export
1,671.584,30,validated_tip_end_to_end
1,637.6,30,validated_tip_append_only
1,33.591,30,validated_tip_snapshot_export
1,269.531,30,verify_distinct_session_export
1,7.946,30,serialize_distinct_session_export
1,543.704,0,full_prefix_replay_end_to_end
1,534.151,1,full_prefix_replay_end_to_end
1,531.373,2,full_prefix_replay_end_to_end
1,524.454,3,full_prefix_replay_end_to_end
1,525.775,4,full_prefix_replay_end_to_end
1,519.398,5,full_prefix_replay_end_to_end
1,519.852,6,full_prefix_replay_end_to_end
2,1419.086,0,validated_tip_end_to_end
2,1377.653,0,validated_tip_append_only
2,40.551,0,validated_tip_snapshot_export
2,386.267,0,verify_distinct_session_export
2,14.185,0,serialize_distinct_session_export
2,1345.174,1,validated_tip_end_to_end
2,1303.866,1,validated_tip_append_only
2,40.885,1,validated_tip_snapshot_export
2,382.291,1,verify_distinct_session_export
2,14.605,1,serialize_distinct_session_export
2,1359.866,2,validated_tip_end_to_end
2,1318.109,2,validated_tip_append_only
2,41.296,2,validated_tip_snapshot_export
2,381.998,2,verify_distinct_session_export
2,13.896,2,serialize_distinct_session_export
2,1354.034,3,validated_tip_end_to_end
2,1312.155,3,validated_tip_append_only
2,41.42,3,validated_tip_snapshot_export
2,378.842,3,verify_distinct_session_export
2,14.528,3,serialize_distinct_session_export
2,1350.818,4,validated_tip_end_to_end
2,1309.844,4,validated_tip_append_only
2,40.577,4,validated_tip_snapshot_export
2,380.221,4,verify_distinct_session_export
2,13.919,4,serialize_distinct_session_export
2,1322.702,5,validated_tip_end_to_end
2,1281.471,5,validated_tip_append_only
2,40.808,5,validated_tip_snapshot_export
2,381.524,5,verify_distinct_session_export
2,14.338,5,serialize_distinct_session_export
2,1339.523,6,validated_tip_end_to_end
2,1291.231,6,validated_tip_append_only
2,47.756,6,validated_tip_snapshot_export
2,382.037,6,verify_distinct_session_export
2,14.15,6,serialize_distinct_session_export
2,1339.534,7,validated_tip_end_to_end
2,1297.372,7,validated_tip_append_only
2,41.725,7,validated_tip_snapshot_export
2,390.361,7,verify_distinct_session_export
2,14.085,7,serialize_distinct_session_export
2,1345.323,8,validated_tip_end_to_end
2,1302.692,8,validated_tip_append_only
2,42.203,8,validated_tip_snapshot_export
2,394.965,8,verify_distinct_session_export
2,14.336,8,serialize_distinct_session_export
2,1319.088,9,validated_tip_end_to_end
2,1278.805,9,validated_tip_append_only
2,39.855,9,validated_tip_snapshot_export
2,388.963,9,verify_distinct_session_export
2,14.184,9,serialize_distinct_session_export
2,1323.279,10,validated_tip_end_to_end
2,1281.896,10,validated_tip_append_only
2,40.984,10,validated_tip_snapshot_export
2,393.118,10,verify_distinct_session_export
2,19.547,10,serialize_distinct_session_export
2,1326.381,11,validated_tip_end_to_end
2,1285.951,11,validated_tip_append_only
2,39.991,11,validated_tip_snapshot_export
2,399.402,11,verify_distinct_session_export
2,14.29,11,serialize_distinct_session_export
2,1345.294,12,validated_tip_end_to_end
2,1302.612,12,validated_tip_append_only
2,42.237,12,validated_tip_snapshot_export
2,391.253,12,verify_distinct_session_export
2,14.127,12,serialize_distinct_session_export
2,1325.567,13,validated_tip_end_to_end
2,1283.838,13,validated_tip_append_only
2,41.289,13,validated_tip_snapshot_export
2,389.63,13,verify_distinct_session_export
2,14.262,13,serialize_distinct_session_export
2,1341.564,14,validated_tip_end_to_end
2,1300.187,14,validated_tip_append_only
2,40.932,14,validated_tip_snapshot_export
2,377.871,14,verify_distinct_session_export
2,14.1,14,serialize_distinct_session_export
2,1341.389,15,validated_tip_end_to_end
2,1300.623,15,validated_tip_append_only
2,40.359,15,validated_tip_snapshot_export
2,378.781,15,verify_distinct_session_export
2,14.171,15,serialize_distinct_session_export
2,1355.238,16,validated_tip_end_to_end
2,1313.81,16,validated_tip_append_only
2,40.983,16,validated_tip_snapshot_export
2,380.686,16,verify_distinct_session_export
2,13.864,16,serialize_distinct_session_export
2,1352.059,17,validated_tip_end_to_end
2,1310.145,17,validated_tip_append_only
2,41.44,17,validated_tip_snapshot_export
2,381.796,17,verify_distinct_session_export
2,14.31,17,serialize_distinct_session_export
2,1342.953,18,validated_tip_end_to_end
2,1301.337,18,validated_tip_append_only
2,41.155,18,validated_tip_snapshot_export
2,378.057,18,verify_distinct_session_export
2,14.132,18,serialize_distinct_session_export
2,1305.588,19,validated_tip_end_to_end
2,1266.427,19,validated_tip_append_only
2,38.733,19,validated_tip_snapshot_export
2,381.992,19,verify_distinct_session_export
2,14.326,19,serialize_distinct_session_export
2,1312.921,20,validated_tip_end_to_end
2,1272.951,20,validated_tip_append_only
2,39.564,20,validated_tip_snapshot_export
2,381.764,20,verify_distinct_session_export
2,14.551,20,serialize_distinct_session_export
2,1298.99,21,validated_tip_end_to_end
2,1258.732,21,validated_tip_append_only
2,39.862,21,validated_tip_snapshot_export
2,389.389,21,verify_distinct_session_export
2,13.879,21,serialize_distinct_session_export
2,1296.59,22,validated_tip_end_to_end
2,1257.079,22,validated_tip_append_only
2,39.103,22,validated_tip_snapshot_export
2,383.103,22,verify_distinct_session_export
2,13.642,22,serialize_distinct_session_export
2,1305.669,23,validated_tip_end_to_end
2,1266.134,23,validated_tip_append_only
2,39.108,23,validated_tip_snapshot_export
2,390.397,23,verify_distinct_session_export
2,14.834,23,serialize_distinct_session_export
2,1314.928,24,validated_tip_end_to_end
2,1275.489,24,validated_tip_append_only
2,39.006,24,validated_tip_snapshot_export
2,383.681,24,verify_distinct_session_export
2,13.718,24,serialize_distinct_session_export
2,1299.745,25,validated_tip_end_to_end
2,1260.287,25,validated_tip_append_only
2,39.059,25,validated_tip_snapshot_export
2,374.911,25,verify_distinct_session_export
2,13.88,25,serialize_distinct_session_export
2,1302.303,26,validated_tip_end_to_end
2,1262.692,26,validated_tip_append_only
2,39.062,26,validated_tip_snapshot_export
2,375.504,26,verify_distinct_session_export
2,13.982,26,serialize_distinct_session_export
2,1311.376,27,validated_tip_end_to_end
2,1271.014,27,validated_tip_append_only
2,39.924,27,validated_tip_snapshot_export
2,373.045,27,verify_distinct_session_export
2,13.734,27,serialize_distinct_session_export
2,1309.216,28,validated_tip_end_to_end
2,1269.995,28,validated_tip_append_only
2,38.831,28,validated_tip_snapshot_export
2,372.853,28,verify_distinct_session_export
2,13.782,28,serialize_distinct_session_export
2,1326.808,29,validated_tip_end_to_end
2,1288.103,29,validated_tip_append_only
2,38.285,29,validated_tip_snapshot_export
2,376.689,29,verify_distinct_session_export
2,13.696,29,serialize_distinct_session_export
2,1309.388,30,validated_tip_end_to_end
2,1262.572,30,validated_tip_append_only
2,46.28,30,validated_tip_snapshot_export
2,377.744,30,verify_distinct_session_export
2,13.955,30,serialize_distinct_session_export
2,1201.681,0,full_prefix_replay_end_to_end
2,1183.45,1,full_prefix_replay_end_to_end
2,1191.445,2,full_prefix_replay_end_to_end
2,1192.456,3,full_prefix_replay_end_to_end
2,1195.435,4,full_prefix_replay_end_to_end
2,1195.55,5,full_prefix_replay_end_to_end
2,1180.918,6,full_prefix_replay_end_to_end
4,2725.498,0,validated_tip_end_to_end
4,2673.782,0,validated_tip_append_only
4,50.753,0,validated_tip_snapshot_export
4,608.11,0,verify_distinct_session_export
4,24.291,0,serialize_distinct_session_export
4,2781.654,1,validated_tip_end_to_end
4,2731.268,1,validated_tip_append_only
4,49.517,1,validated_tip_snapshot_export
4,599.809,1,verify_distinct_session_export
4,25.102,1,serialize_distinct_session_export
4,2614.226,2,validated_tip_end_to_end
4,2565.354,2,validated_tip_append_only
4,48.395,2,validated_tip_snapshot_export
4,587.01,2,verify_distinct_session_export
4,25.28,2,serialize_distinct_session_export
4,2934.023,3,validated_tip_end_to_end
4,2852.492,3,validated_tip_append_only
4,79.848,3,validated_tip_snapshot_export
4,715.222,3,verify_distinct_session_export
4,25.187,3,serialize_distinct_session_export
4,2678.908,4,validated_tip_end_to_end
4,2628.663,4,validated_tip_append_only
4,49.685,4,validated_tip_snapshot_export
4,590.243,4,verify_distinct_session_export
4,27.658,4,serialize_distinct_session_export
4,2636.212,5,validated_tip_end_to_end
4,2586.386,5,validated_tip_append_only
4,49.37,5,validated_tip_snapshot_export
4,599.499,5,verify_distinct_session_export
4,24.229,5,serialize_distinct_session_export
4,2645.518,6,validated_tip_end_to_end
4,2595.843,6,validated_tip_append_only
4,49.222,6,validated_tip_snapshot_export
4,592.409,6,verify_distinct_session_export
4,24.788,6,serialize_distinct_session_export
4,2639.306,7,validated_tip_end_to_end
4,2589.303,7,validated_tip_append_only
4,49.524,7,validated_tip_snapshot_export
4,595.469,7,verify_distinct_session_export
4,24.157,7,serialize_distinct_session_export
4,2630.794,8,validated_tip_end_to_end
4,2579.834,8,validated_tip_append_only
4,50.531,8,validated_tip_snapshot_export
4,584.336,8,verify_distinct_session_export
4,24.747,8,serialize_distinct_session_export
4,2647.114,9,validated_tip_end_to_end
4,2597.028,9,validated_tip_append_only
4,49.592,9,validated_tip_snapshot_export
4,607.807,9,verify_distinct_session_export
4,24.555,9,serialize_distinct_session_export
4,2678.115,10,validated_tip_end_to_end
4,2627.051,10,validated_tip_append_only
4,50.585,10,validated_tip_snapshot_export
4,591.354,10,verify_distinct_session_export
4,24.056,10,serialize_distinct_session_export
4,2638.839,11,validated_tip_end_to_end
4,2587.762,11,validated_tip_append_only
4,50.604,11,validated_tip_snapshot_export
4,601.131,11,verify_distinct_session_export
4,24.461,11,serialize_distinct_session_export
4,2685.481,12,validated_tip_end_to_end
4,2634.496,12,validated_tip_append_only
4,50.537,12,validated_tip_snapshot_export
4,586.956,12,verify_distinct_session_export
4,23.889,12,serialize_distinct_session_export
4,2659.065,13,validated_tip_end_to_end
4,2607.49,13,validated_tip_append_only
4,51.126,13,validated_tip_snapshot_export
4,603.379,13,verify_distinct_session_export
4,24.434,13,serialize_distinct_session_export
4,2687.053,14,validated_tip_end_to_end
4,2636.754,14,validated_tip_append_only
4,49.842,14,validated_tip_snapshot_export
4,590.632,14,verify_distinct_session_export
4,24.233,14,serialize_distinct_session_export
4,2660.062,15,validated_tip_end_to_end
4,2609.648,15,validated_tip_append_only
4,49.969,15,validated_tip_snapshot_export
4,602.252,15,verify_distinct_session_export
4,28.729,15,serialize_distinct_session_export
4,2605.151,16,validated_tip_end_to_end
4,2555.052,16,validated_tip_append_only
4,49.646,16,validated_tip_snapshot_export
4,589.494,16,verify_distinct_session_export
4,23.77,16,serialize_distinct_session_export
4,2643.111,17,validated_tip_end_to_end
4,2592.329,17,validated_tip_append_only
4,50.283,17,validated_tip_snapshot_export
4,602.314,17,verify_distinct_session_export
4,24.512,17,serialize_distinct_session_export
4,2610.146,18,validated_tip_end_to_end
4,2561.027,18,validated_tip_append_only
4,48.692,18,validated_tip_snapshot_export
4,599.533,18,verify_distinct_session_export
4,24.317,18,serialize_distinct_session_export
4,2633.545,19,validated_tip_end_to_end
4,2583.672,19,validated_tip_append_only
4,49.385,19,validated_tip_snapshot_export
4,601.54,19,verify_distinct_session_export
4,24.523,19,serialize_distinct_session_export
4,2657.426,20,validated_tip_end_to_end
4,2607.748,20,validated_tip_append_only
4,49.249,20,validated_tip_snapshot_export
4,592.108,20,verify_distinct_session_export
4,24.779,20,serialize_distinct_session_export
4,2676.528,21,validated_tip_end_to_end
4,2626.062,21,validated_tip_append_only
4,49.995,21,validated_tip_snapshot_export
4,591.604,21,verify_distinct_session_export
4,25.476,21,serialize_distinct_session_export
4,2610.06,22,validated_tip_end_to_end
4,2561.222,22,validated_tip_append_only
4,48.349,22,validated_tip_snapshot_export
4,598.989,22,verify_distinct_session_export
4,24.399,22,serialize_distinct_session_export
4,2613.535,23,validated_tip_end_to_end
4,2564.383,23,validated_tip_append_only
4,48.647,23,validated_tip_snapshot_export
4,589.233,23,verify_distinct_session_export
4,24.667,23,serialize_distinct_session_export
4,2614.833,24,validated_tip_end_to_end
4,2566.874,24,validated_tip_append_only
4,47.495,24,validated_tip_snapshot_export
4,601.298,24,verify_distinct_session_export
4,24.894,24,serialize_distinct_session_export
4,2616.963,25,validated_tip_end_to_end
4,2567.944,25,validated_tip_append_only
4,48.501,25,validated_tip_snapshot_export
4,591.023,25,verify_distinct_session_export
4,24.752,25,serialize_distinct_session_export
4,2596.916,26,validated_tip_end_to_end
4,2548.593,26,validated_tip_append_only
4,47.882,26,validated_tip_snapshot_export
4,591.406,26,verify_distinct_session_export
4,24.434,26,serialize_distinct_session_export
4,2595.798,27,validated_tip_end_to_end
4,2547.29,27,validated_tip_append_only
4,48.011,27,validated_tip_snapshot_export
4,623.33,27,verify_distinct_session_export
4,24.501,27,serialize_distinct_session_export
4,2619.942,28,validated_tip_end_to_end
4,2571.308,28,validated_tip_append_only
4,48.191,28,validated_tip_snapshot_export
4,590.112,28,verify_distinct_session_export
4,24.346,28,serialize_distinct_session_export
4,2635.238,29,validated_tip_end_to_end
4,2587.026,29,validated_tip_append_only
4,47.721,29,validated_tip_snapshot_export
4,596.79,29,verify_distinct_session_export
4,24.508,29,serialize_distinct_session_export
4,2601.831,30,validated_tip_end_to_end
4,2553.106,30,validated_tip_append_only
4,48.251,30,validated_tip_snapshot_export
4,578.045,30,verify_distinct_session_export
4,23.865,30,serialize_distinct_session_export
4,2905.779,0,full_prefix_replay_end_to_end
4,2897.666,1,full_prefix_replay_end_to_end
4,2912.442,2,full_prefix_replay_end_to_end
4,2919.116,3,full_prefix_replay_end_to_end
4,2963.648,4,full_prefix_replay_end_to_end
4,2903.265,5,full_prefix_replay_end_to_end
4,2878.098,6,full_prefix_replay_end_to_end
8,5364.901,0,validated_tip_end_to_end
8,5297.579,0,validated_tip_append_only
8,66.214,0,validated_tip_snapshot_export
8,1009.091,0,verify_distinct_session_export
8,44.949,0,serialize_distinct_session_export
8,5257.625,1,validated_tip_end_to_end
8,5192.212,1,validated_tip_append_only
8,64.803,1,validated_tip_snapshot_export
8,1014.586,1,verify_distinct_session_export
8,45.022,1,serialize_distinct_session_export
8,5202.722,2,validated_tip_end_to_end
8,5137.08,2,validated_tip_append_only
8,65.085,2,validated_tip_snapshot_export
8,1018.437,2,verify_distinct_session_export
8,44.055,2,serialize_distinct_session_export
8,5163.623,3,validated_tip_end_to_end
8,5088.033,3,validated_tip_append_only
8,74.974,3,validated_tip_snapshot_export
8,1012.502,3,verify_distinct_session_export
8,44.717,3,serialize_distinct_session_export
8,5201.917,4,validated_tip_end_to_end
8,5135.738,4,validated_tip_append_only
8,65.618,4,validated_tip_snapshot_export
8,1013.553,4,verify_distinct_session_export
8,44.39,4,serialize_distinct_session_export
8,5205.702,5,validated_tip_end_to_end
8,5132.1,5,validated_tip_append_only
8,72.95,5,validated_tip_snapshot_export
8,1012.103,5,verify_distinct_session_export
8,44.408,5,serialize_distinct_session_export
8,5210.576,6,validated_tip_end_to_end
8,5142.811,6,validated_tip_append_only
8,67.31,6,validated_tip_snapshot_export
8,1004.126,6,verify_distinct_session_export
8,44.386,6,serialize_distinct_session_export
8,5237.623,7,validated_tip_end_to_end
8,5171.033,7,validated_tip_append_only
8,66.136,7,validated_tip_snapshot_export
8,1007.322,7,verify_distinct_session_export
8,45.737,7,serialize_distinct_session_export
8,5285.528,8,validated_tip_end_to_end
8,5217.114,8,validated_tip_append_only
8,67.969,8,validated_tip_snapshot_export
8,1010.591,8,verify_distinct_session_export
8,44.182,8,serialize_distinct_session_export
8,5315.328,9,validated_tip_end_to_end
8,5247.082,9,validated_tip_append_only
8,67.748,9,validated_tip_snapshot_export
8,1011.896,9,verify_distinct_session_export
8,44.493,9,serialize_distinct_session_export
8,5355.53,10,validated_tip_end_to_end
8,5288.139,10,validated_tip_append_only
8,66.799,10,validated_tip_snapshot_export
8,1017.377,10,verify_distinct_session_export
8,43.953,10,serialize_distinct_session_export
8,5255.349,11,validated_tip_end_to_end
8,5188.283,11,validated_tip_append_only
8,66.556,11,validated_tip_snapshot_export
8,1006.622,11,verify_distinct_session_export
8,44.071,11,serialize_distinct_session_export
8,5317.927,12,validated_tip_end_to_end
8,5250.553,12,validated_tip_append_only
8,66.836,12,validated_tip_snapshot_export
8,1021.578,12,verify_distinct_session_export
8,44.487,12,serialize_distinct_session_export
8,5288.105,13,validated_tip_end_to_end
8,5220.118,13,validated_tip_append_only
8,67.489,13,validated_tip_snapshot_export
8,1021.542,13,verify_distinct_session_export
8,44.946,13,serialize_distinct_session_export
8,5278.347,14,validated_tip_end_to_end
8,5208.382,14,validated_tip_append_only
8,69.451,14,validated_tip_snapshot_export
8,1012.606,14,verify_distinct_session_export
8,45.44,14,serialize_distinct_session_export
8,5339.325,15,validated_tip_end_to_end
8,5271.599,15,validated_tip_append_only
8,67.202,15,validated_tip_snapshot_export
8,1012.855,15,verify_distinct_session_export
8,44.57,15,serialize_distinct_session_export
8,5267.598,16,validated_tip_end_to_end
8,5199.597,16,validated_tip_append_only
8,67.47,16,validated_tip_snapshot_export
8,1023.655,16,verify_distinct_session_export
8,43.932,16,serialize_distinct_session_export
8,5253.482,17,validated_tip_end_to_end
8,5185.831,17,validated_tip_append_only
8,67.066,17,validated_tip_snapshot_export
8,1017.87,17,verify_distinct_session_export
8,43.964,17,serialize_distinct_session_export
8,5302.458,18,validated_tip_end_to_end
8,5233.923,18,validated_tip_append_only
8,67.922,18,validated_tip_snapshot_export
8,1012.401,18,verify_distinct_session_export
8,44.424,18,serialize_distinct_session_export
8,5672.837,19,validated_tip_end_to_end
8,5568.421,19,validated_tip_append_only
8,102.958,19,validated_tip_snapshot_export
8,1393.401,19,verify_distinct_session_export
8,46.785,19,serialize_distinct_session_export
8,5414.044,20,validated_tip_end_to_end
8,5345.866,20,validated_tip_append_only
8,67.483,20,validated_tip_snapshot_export
8,1022.317,20,verify_distinct_session_export
8,44.986,20,serialize_distinct_session_export
8,5206.052,21,validated_tip_end_to_end
8,5138.577,21,validated_tip_append_only
8,66.988,21,validated_tip_snapshot_export
8,1017.206,21,verify_distinct_session_export
8,45.108,21,serialize_distinct_session_export
8,5197.869,22,validated_tip_end_to_end
8,5132.65,22,validated_tip_append_only
8,64.735,22,validated_tip_snapshot_export
8,1033.453,22,verify_distinct_session_export
8,43.952,22,serialize_distinct_session_export
8,5154.427,23,validated_tip_end_to_end
8,5088.524,23,validated_tip_append_only
8,65.445,23,validated_tip_snapshot_export
8,1012.097,23,verify_distinct_session_export
8,44.557,23,serialize_distinct_session_export
8,5195.339,24,validated_tip_end_to_end
8,5129.102,24,validated_tip_append_only
8,65.812,24,validated_tip_snapshot_export
8,1014.845,24,verify_distinct_session_export
8,43.917,24,serialize_distinct_session_export
8,5141.323,25,validated_tip_end_to_end
8,5075.631,25,validated_tip_append_only
8,65.213,25,validated_tip_snapshot_export
8,1001.511,25,verify_distinct_session_export
8,44.613,25,serialize_distinct_session_export
8,5154.061,26,validated_tip_end_to_end
8,5089.027,26,validated_tip_append_only
8,64.586,26,validated_tip_snapshot_export
8,1001.048,26,verify_distinct_session_export
8,53.219,26,serialize_distinct_session_export
8,5148.233,27,validated_tip_end_to_end
8,5081.875,27,validated_tip_append_only
8,65.795,27,validated_tip_snapshot_export
8,1002.286,27,verify_distinct_session_export
8,43.645,27,serialize_distinct_session_export
8,5131.648,28,validated_tip_end_to_end
8,5066.942,28,validated_tip_append_only
8,64.282,28,validated_tip_snapshot_export
8,1001.12,28,verify_distinct_session_export
8,44.538,28,serialize_distinct_session_export
8,5143.072,29,validated_tip_end_to_end
8,5077.584,29,validated_tip_append_only
8,64.921,29,validated_tip_snapshot_export
8,1008.954,29,verify_distinct_session_export
8,44.804,29,serialize_distinct_session_export
8,5171.894,30,validated_tip_end_to_end
8,5106.833,30,validated_tip_append_only
8,64.528,30,validated_tip_snapshot_export
8,1004.35,30,verify_distinct_session_export
8,43.889,30,serialize_distinct_session_export
8,7720.884,0,full_prefix_replay_end_to_end
8,7737.328,1,full_prefix_replay_end_to_end
8,7753.487,2,full_prefix_replay_end_to_end
8,7827.899,3,full_prefix_replay_end_to_end
8,7757.47,4,full_prefix_replay_end_to_end
8,7698.817,5,full_prefix_replay_end_to_end
8,7709.018,6,full_prefix_replay_end_to_end
16,10682.725,0,validated_tip_end_to_end
16,10573.719,0,validated_tip_append_only
16,107.95,0,validated_tip_snapshot_export
16,1841.293,0,verify_distinct_session_export
16,84.37,0,serialize_distinct_session_export
16,10559.185,1,validated_tip_end_to_end
16,10453.55,1,validated_tip_append_only
16,105.076,1,validated_tip_snapshot_export
16,1839.795,1,verify_distinct_session_export
16,83.612,1,serialize_distinct_session_export
16,10815.577,2,validated_tip_end_to_end
16,10707.602,2,validated_tip_append_only
16,106.835,2,validated_tip_snapshot_export
16,1848.325,2,verify_distinct_session_export
16,82.738,2,serialize_distinct_session_export
16,10443.719,3,validated_tip_end_to_end
16,10338.509,3,validated_tip_append_only
16,104.594,3,validated_tip_snapshot_export
16,1838.371,3,verify_distinct_session_export
16,83.119,3,serialize_distinct_session_export
16,10577.281,4,validated_tip_end_to_end
16,10472.132,4,validated_tip_append_only
16,104.626,4,validated_tip_snapshot_export
16,1827.945,4,verify_distinct_session_export
16,82.083,4,serialize_distinct_session_export
16,10549.526,5,validated_tip_end_to_end
16,10445.428,5,validated_tip_append_only
16,103.476,5,validated_tip_snapshot_export
16,1837.738,5,verify_distinct_session_export
16,83.29,5,serialize_distinct_session_export
16,10457.325,6,validated_tip_end_to_end
16,10350.457,6,validated_tip_append_only
16,106.251,6,validated_tip_snapshot_export
16,1832.627,6,verify_distinct_session_export
16,82.336,6,serialize_distinct_session_export
16,10559.262,7,validated_tip_end_to_end
16,10456.363,7,validated_tip_append_only
16,102.357,7,validated_tip_snapshot_export
16,1828.509,7,verify_distinct_session_export
16,82.686,7,serialize_distinct_session_export
16,10499.445,8,validated_tip_end_to_end
16,10395.604,8,validated_tip_append_only
16,103.284,8,validated_tip_snapshot_export
16,2020.907,8,verify_distinct_session_export
16,131.341,8,serialize_distinct_session_export
16,11199.732,9,validated_tip_end_to_end
16,11093.783,9,validated_tip_append_only
16,104.809,9,validated_tip_snapshot_export
16,1850.184,9,verify_distinct_session_export
16,87.612,9,serialize_distinct_session_export
16,10535.418,10,validated_tip_end_to_end
16,10413.032,10,validated_tip_append_only
16,121.741,10,validated_tip_snapshot_export
16,1844.862,10,verify_distinct_session_export
16,83.232,10,serialize_distinct_session_export
16,10482.654,11,validated_tip_end_to_end
16,10379.32,11,validated_tip_append_only
16,102.682,11,validated_tip_snapshot_export
16,1837.948,11,verify_distinct_session_export
16,82.989,11,serialize_distinct_session_export
16,10485.321,12,validated_tip_end_to_end
16,10380.24,12,validated_tip_append_only
16,104.562,12,validated_tip_snapshot_export
16,1837.277,12,verify_distinct_session_export
16,82.486,12,serialize_distinct_session_export
16,10473.915,13,validated_tip_end_to_end
16,10369.396,13,validated_tip_append_only
16,104.037,13,validated_tip_snapshot_export
16,1848.083,13,verify_distinct_session_export
16,83.198,13,serialize_distinct_session_export
16,10587.682,14,validated_tip_end_to_end
16,10478.418,14,validated_tip_append_only
16,108.769,14,validated_tip_snapshot_export
16,1840.377,14,verify_distinct_session_export
16,81.975,14,serialize_distinct_session_export
16,10524.76,15,validated_tip_end_to_end
16,10422.073,15,validated_tip_append_only
16,102.11,15,validated_tip_snapshot_export
16,1829.84,15,verify_distinct_session_export
16,84.27,15,serialize_distinct_session_export
16,10626.408,16,validated_tip_end_to_end
16,10503.846,16,validated_tip_append_only
16,121.591,16,validated_tip_snapshot_export
16,1861.464,16,verify_distinct_session_export
16,82.884,16,serialize_distinct_session_export
16,10551.584,17,validated_tip_end_to_end
16,10450.975,17,validated_tip_append_only
16,99.959,17,validated_tip_snapshot_export
16,1832.991,17,verify_distinct_session_export
16,83.77,17,serialize_distinct_session_export
16,10511.116,18,validated_tip_end_to_end
16,10400.881,18,validated_tip_append_only
16,109.601,18,validated_tip_snapshot_export
16,1820.343,18,verify_distinct_session_export
16,82.347,18,serialize_distinct_session_export
16,10475.239,19,validated_tip_end_to_end
16,10372.276,19,validated_tip_append_only
16,102.333,19,validated_tip_snapshot_export
16,1830.661,19,verify_distinct_session_export
16,83.15,19,serialize_distinct_session_export
16,10577.959,20,validated_tip_end_to_end
16,10474.922,20,validated_tip_append_only
16,102.417,20,validated_tip_snapshot_export
16,1829.33,20,verify_distinct_session_export
16,83.796,20,serialize_distinct_session_export
16,10363.127,21,validated_tip_end_to_end
16,10264.107,21,validated_tip_append_only
16,98.274,21,validated_tip_snapshot_export
16,1831.537,21,verify_distinct_session_export
16,82.814,21,serialize_distinct_session_export
16,10322.014,22,validated_tip_end_to_end
16,10222.221,22,validated_tip_append_only
16,99.231,22,validated_tip_snapshot_export
16,1830.639,22,verify_distinct_session_export
16,83.824,22,serialize_distinct_session_export
16,10336.832,23,validated_tip_end_to_end
16,10236.766,23,validated_tip_append_only
16,99.469,23,validated_tip_snapshot_export
16,1837.108,23,verify_distinct_session_export
16,83.86,23,serialize_distinct_session_export
16,10338.739,24,validated_tip_end_to_end
16,10240.244,24,validated_tip_append_only
16,97.799,24,validated_tip_snapshot_export
16,1829.417,24,verify_distinct_session_export
16,82.91,24,serialize_distinct_session_export
16,10313.725,25,validated_tip_end_to_end
16,10213.747,25,validated_tip_append_only
16,99.423,25,validated_tip_snapshot_export
16,1822.261,25,verify_distinct_session_export
16,83.07,25,serialize_distinct_session_export
16,10291.632,26,validated_tip_end_to_end
16,10193.543,26,validated_tip_append_only
16,97.525,26,validated_tip_snapshot_export
16,1822.062,26,verify_distinct_session_export
16,86.722,26,serialize_distinct_session_export
16,10328.965,27,validated_tip_end_to_end
16,10229.896,27,validated_tip_append_only
16,98.394,27,validated_tip_snapshot_export
16,1823.945,27,verify_distinct_session_export
16,83.594,27,serialize_distinct_session_export
16,10425.39,28,validated_tip_end_to_end
16,10324.775,28,validated_tip_append_only
16,99.91,28,validated_tip_snapshot_export
16,1857.355,28,verify_distinct_session_export
16,82.476,28,serialize_distinct_session_export
16,10318.738,29,validated_tip_end_to_end
16,10220.193,29,validated_tip_append_only
16,97.956,29,validated_tip_snapshot_export
16,1820.388,29,verify_distinct_session_export
16,83.129,29,serialize_distinct_session_export
16,10293.694,30,validated_tip_end_to_end
16,10194.92,30,validated_tip_append_only
16,98.229,30,validated_tip_snapshot_export
16,1819.722,30,verify_distinct_session_export
16,85.763,30,serialize_distinct_session_export
16,23226.607,0,full_prefix_replay_end_to_end
16,23572.2,1,full_prefix_replay_end_to_end
16,23277.41,2,full_prefix_replay_end_to_end
16,23301.075,3,full_prefix_replay_end_to_end
16,23231.308,4,full_prefix_replay_end_to_end
16,23210.4,5,full_prefix_replay_end_to_end
16,23241.772,6,full_prefix_replay_end_to_end
32,21977.301,0,validated_tip_end_to_end
32,21783.166,0,validated_tip_append_only
32,192.835,0,validated_tip_snapshot_export
32,3491.615,0,verify_distinct_session_export
32,157.745,0,serialize_distinct_session_export
32,21306.276,1,validated_tip_end_to_end
32,21128.553,1,validated_tip_append_only
32,176.696,1,validated_tip_snapshot_export
32,3539.583,1,verify_distinct_session_export
32,168.426,1,serialize_distinct_session_export
32,21065.541,2,validated_tip_end_to_end
32,20890.367,2,validated_tip_append_only
32,174.196,2,validated_tip_snapshot_export
32,3466.948,2,verify_distinct_session_export
32,155.755,2,serialize_distinct_session_export
32,20740.412,3,validated_tip_end_to_end
32,20568.321,3,validated_tip_append_only
32,171.511,3,validated_tip_snapshot_export
32,3481.635,3,verify_distinct_session_export
32,161.519,3,serialize_distinct_session_export
32,21011.419,4,validated_tip_end_to_end
32,20838.093,4,validated_tip_append_only
32,172.569,4,validated_tip_snapshot_export
32,3476.076,4,verify_distinct_session_export
32,156.954,4,serialize_distinct_session_export
32,21131.395,5,validated_tip_end_to_end
32,20955.958,5,validated_tip_append_only
32,174.642,5,validated_tip_snapshot_export
32,3492.516,5,verify_distinct_session_export
32,160.937,5,serialize_distinct_session_export
32,21010.374,6,validated_tip_end_to_end
32,20829.515,6,validated_tip_append_only
32,180.126,6,validated_tip_snapshot_export
32,3498.334,6,verify_distinct_session_export
32,157.493,6,serialize_distinct_session_export
32,21021.632,7,validated_tip_end_to_end
32,20848.531,7,validated_tip_append_only
32,172.399,7,validated_tip_snapshot_export
32,3502.954,7,verify_distinct_session_export
32,158.591,7,serialize_distinct_session_export
32,20995.891,8,validated_tip_end_to_end
32,20817.53,8,validated_tip_append_only
32,177.633,8,validated_tip_snapshot_export
32,3492.222,8,verify_distinct_session_export
32,157.611,8,serialize_distinct_session_export
32,20999.817,9,validated_tip_end_to_end
32,20828.585,9,validated_tip_append_only
32,170.512,9,validated_tip_snapshot_export
32,3495.302,9,verify_distinct_session_export
32,159.33,9,serialize_distinct_session_export
32,20927.198,10,validated_tip_end_to_end
32,20752.398,10,validated_tip_append_only
32,174.117,10,validated_tip_snapshot_export
32,3493.146,10,verify_distinct_session_export
32,158.043,10,serialize_distinct_session_export
32,21162.693,11,validated_tip_end_to_end
32,20985.976,11,validated_tip_append_only
32,175.791,11,validated_tip_snapshot_export
32,3490.967,11,verify_distinct_session_export
32,158.954,11,serialize_distinct_session_export
32,20839.683,12,validated_tip_end_to_end
32,20665.985,12,validated_tip_append_only
32,173.092,12,validated_tip_snapshot_export
32,3478.483,12,verify_distinct_session_export
32,166.379,12,serialize_distinct_session_export
32,20654.086,13,validated_tip_end_to_end
32,20484.569,13,validated_tip_append_only
32,168.852,13,validated_tip_snapshot_export
32,3482.51,13,verify_distinct_session_export
32,160.561,13,serialize_distinct_session_export
32,21132.627,14,validated_tip_end_to_end
32,20950.587,14,validated_tip_append_only
32,181.251,14,validated_tip_snapshot_export
32,3470.499,14,verify_distinct_session_export
32,157.545,14,serialize_distinct_session_export
32,20954.882,15,validated_tip_end_to_end
32,20783.558,15,validated_tip_append_only
32,170.53,15,validated_tip_snapshot_export
32,3521.852,15,verify_distinct_session_export
32,157.744,15,serialize_distinct_session_export
32,21070.482,16,validated_tip_end_to_end
32,20901.969,16,validated_tip_append_only
32,167.849,16,validated_tip_snapshot_export
32,3475.245,16,verify_distinct_session_export
32,157.702,16,serialize_distinct_session_export
32,20696.412,17,validated_tip_end_to_end
32,20523.082,17,validated_tip_append_only
32,172.698,17,validated_tip_snapshot_export
32,3472.991,17,verify_distinct_session_export
32,159.029,17,serialize_distinct_session_export
32,20955.457,18,validated_tip_end_to_end
32,20784.625,18,validated_tip_append_only
32,169.967,18,validated_tip_snapshot_export
32,3478.173,18,verify_distinct_session_export
32,166.49,18,serialize_distinct_session_export
32,21009.769,19,validated_tip_end_to_end
32,20842.105,19,validated_tip_append_only
32,167.055,19,validated_tip_snapshot_export
32,3492.005,19,verify_distinct_session_export
32,166.947,19,serialize_distinct_session_export
32,36235.265,20,validated_tip_end_to_end
32,36033.024,20,validated_tip_append_only
32,201.15,20,validated_tip_snapshot_export
32,4076.977,20,verify_distinct_session_export
32,183.52,20,serialize_distinct_session_export
32,21383.991,21,validated_tip_end_to_end
32,21212.508,21,validated_tip_append_only
32,170.689,21,validated_tip_snapshot_export
32,3515.286,21,verify_distinct_session_export
32,160.314,21,serialize_distinct_session_export
32,20700.485,22,validated_tip_end_to_end
32,20523.882,22,validated_tip_append_only
32,175.851,22,validated_tip_snapshot_export
32,3473.44,22,verify_distinct_session_export
32,157.745,22,serialize_distinct_session_export
32,20786.826,23,validated_tip_end_to_end
32,20617.804,23,validated_tip_append_only
32,168.232,23,validated_tip_snapshot_export
32,3508.751,23,verify_distinct_session_export
32,158.988,23,serialize_distinct_session_export
32,20770.791,24,validated_tip_end_to_end
32,20603.755,24,validated_tip_append_only
32,166.199,24,validated_tip_snapshot_export
32,3512.859,24,verify_distinct_session_export
32,158.304,24,serialize_distinct_session_export
32,20914.191,25,validated_tip_end_to_end
32,20746.709,25,validated_tip_append_only
32,166.567,25,validated_tip_snapshot_export
32,3493.587,25,verify_distinct_session_export
32,168.595,25,serialize_distinct_session_export
32,20783.052,26,validated_tip_end_to_end
32,20604.002,26,validated_tip_append_only
32,178.149,26,validated_tip_snapshot_export
32,3464.584,26,verify_distinct_session_export
32,157.02,26,serialize_distinct_session_export
32,20864.502,27,validated_tip_end_to_end
32,20696.935,27,validated_tip_append_only
32,166.776,27,validated_tip_snapshot_export
32,3490.438,27,verify_distinct_session_export
32,158.619,27,serialize_distinct_session_export
32,21267.781,28,validated_tip_end_to_end
32,21090.356,28,validated_tip_append_only
32,176.649,28,validated_tip_snapshot_export
32,3487.361,28,verify_distinct_session_export
32,157.552,28,serialize_distinct_session_export
32,20791.104,29,validated_tip_end_to_end
32,20623.973,29,validated_tip_append_only
32,166.28,29,validated_tip_snapshot_export
32,3494.121,29,verify_distinct_session_export
32,159.672,29,serialize_distinct_session_export
32,20733.772,30,validated_tip_end_to_end
32,20564.088,30,validated_tip_append_only
32,169.06,30,validated_tip_snapshot_export
32,3501.226,30,verify_distinct_session_export
32,160.565,30,serialize_distinct_session_export
32,77861.551,0,full_prefix_replay_end_to_end
32,77648.947,1,full_prefix_replay_end_to_end
32,77380.177,2,full_prefix_replay_end_to_end
32,77588.095,3,full_prefix_replay_end_to_end
32,77784.165,4,full_prefix_replay_end_to_end
32,77781.124,5,full_prefix_replay_end_to_end
32,77489.095,6,full_prefix_replay_end_to_end
64,42794.613,0,validated_tip_end_to_end
64,42471.724,0,validated_tip_append_only
64,321.593,0,validated_tip_snapshot_export
64,6777.606,0,verify_distinct_session_export
64,317.796,0,serialize_distinct_session_export
64,41525.436,1,validated_tip_end_to_end
64,41193.703,1,validated_tip_append_only
64,330.558,1,validated_tip_snapshot_export
64,6785.918,1,verify_distinct_session_export
64,331.558,1,serialize_distinct_session_export
64,42081.624,2,validated_tip_end_to_end
64,41768.337,2,validated_tip_append_only
64,312.446,2,validated_tip_snapshot_export
64,6793.858,2,verify_distinct_session_export
64,322.059,2,serialize_distinct_session_export
64,42084.719,3,validated_tip_end_to_end
64,41755.488,3,validated_tip_append_only
64,328.228,3,validated_tip_snapshot_export
64,6929.802,3,verify_distinct_session_export
64,321.302,3,serialize_distinct_session_export
64,41982.318,4,validated_tip_end_to_end
64,41654.137,4,validated_tip_append_only
64,327.136,4,validated_tip_snapshot_export
64,6784.248,4,verify_distinct_session_export
64,310.403,4,serialize_distinct_session_export
64,41889.222,5,validated_tip_end_to_end
64,41569.375,5,validated_tip_append_only
64,318.707,5,validated_tip_snapshot_export
64,6822.595,5,verify_distinct_session_export
64,307.368,5,serialize_distinct_session_export
64,42008.089,6,validated_tip_end_to_end
64,41687.781,6,validated_tip_append_only
64,319.327,6,validated_tip_snapshot_export
64,6815.985,6,verify_distinct_session_export
64,307.339,6,serialize_distinct_session_export
64,41869.883,7,validated_tip_end_to_end
64,41550.685,7,validated_tip_append_only
64,318.381,7,validated_tip_snapshot_export
64,6802.747,7,verify_distinct_session_export
64,309.605,7,serialize_distinct_session_export
64,41529.416,8,validated_tip_end_to_end
64,41209.579,8,validated_tip_append_only
64,318.872,8,validated_tip_snapshot_export
64,6839.72,8,verify_distinct_session_export
64,317.19,8,serialize_distinct_session_export
64,41664.72,9,validated_tip_end_to_end
64,41347.293,9,validated_tip_append_only
64,316.658,9,validated_tip_snapshot_export
64,6791.971,9,verify_distinct_session_export
64,317.017,9,serialize_distinct_session_export
64,41949.047,10,validated_tip_end_to_end
64,41623.972,10,validated_tip_append_only
64,324.013,10,validated_tip_snapshot_export
64,6773.553,10,verify_distinct_session_export
64,309.528,10,serialize_distinct_session_export
64,41670.181,11,validated_tip_end_to_end
64,41354.17,11,validated_tip_append_only
64,315.137,11,validated_tip_snapshot_export
64,6797.316,11,verify_distinct_session_export
64,313.064,11,serialize_distinct_session_export
64,41810.799,12,validated_tip_end_to_end
64,41498.331,12,validated_tip_append_only
64,311.644,12,validated_tip_snapshot_export
64,6789.538,12,verify_distinct_session_export
64,315.677,12,serialize_distinct_session_export
64,42234.448,13,validated_tip_end_to_end
64,41918.816,13,validated_tip_append_only
64,314.466,13,validated_tip_snapshot_export
64,6873.747,13,verify_distinct_session_export
64,309.801,13,serialize_distinct_session_export
64,44170.425,14,validated_tip_end_to_end
64,43837.899,14,validated_tip_append_only
64,331.317,14,validated_tip_snapshot_export
64,7047.05,14,verify_distinct_session_export
64,314.29,14,serialize_distinct_session_export
64,42320.984,15,validated_tip_end_to_end
64,41991.28,15,validated_tip_append_only
64,328.59,15,validated_tip_snapshot_export
64,6775.333,15,verify_distinct_session_export
64,309.772,15,serialize_distinct_session_export
64,40870.8,16,validated_tip_end_to_end
64,40547.804,16,validated_tip_append_only
64,321.932,16,validated_tip_snapshot_export
64,6786.298,16,verify_distinct_session_export
64,314.705,16,serialize_distinct_session_export
64,41749.261,17,validated_tip_end_to_end
64,41431.347,17,validated_tip_append_only
64,316.813,17,validated_tip_snapshot_export
64,6752.578,17,verify_distinct_session_export
64,318.753,17,serialize_distinct_session_export
64,41213.525,18,validated_tip_end_to_end
64,40905.534,18,validated_tip_append_only
64,306.987,18,validated_tip_snapshot_export
64,6903.416,18,verify_distinct_session_export
64,316.157,18,serialize_distinct_session_export
64,41220.525,19,validated_tip_end_to_end
64,40912.478,19,validated_tip_append_only
64,306.908,19,validated_tip_snapshot_export
64,6844.964,19,verify_distinct_session_export
64,310.802,19,serialize_distinct_session_export
64,41393.603,20,validated_tip_end_to_end
64,41084.561,20,validated_tip_append_only
64,308.157,20,validated_tip_snapshot_export
64,6804.186,20,verify_distinct_session_export
64,306.854,20,serialize_distinct_session_export
64,41235.231,21,validated_tip_end_to_end
64,40921.253,21,validated_tip_append_only
64,312.915,21,validated_tip_snapshot_export
64,6767.948,21,verify_distinct_session_export
64,315.126,21,serialize_distinct_session_export
64,41616.266,22,validated_tip_end_to_end
64,41299.17,22,validated_tip_append_only
64,315.874,22,validated_tip_snapshot_export
64,6769.332,22,verify_distinct_session_export
64,306.809,22,serialize_distinct_session_export
64,41128.888,23,validated_tip_end_to_end
64,40826.045,23,validated_tip_append_only
64,301.938,23,validated_tip_snapshot_export
64,6777.045,23,verify_distinct_session_export
64,318.959,23,serialize_distinct_session_export
64,41820.645,24,validated_tip_end_to_end
64,41406.951,24,validated_tip_append_only
64,412.431,24,validated_tip_snapshot_export
64,6835.137,24,verify_distinct_session_export
64,311.395,24,serialize_distinct_session_export
64,42150.577,25,validated_tip_end_to_end
64,41794.505,25,validated_tip_append_only
64,354.636,25,validated_tip_snapshot_export
64,6836.088,25,verify_distinct_session_export
64,336.188,25,serialize_distinct_session_export
64,41434.71,26,validated_tip_end_to_end
64,41129.408,26,validated_tip_append_only
64,304.198,26,validated_tip_snapshot_export
64,6840.291,26,verify_distinct_session_export
64,321.25,26,serialize_distinct_session_export
64,42671.587,27,validated_tip_end_to_end
64,42352.091,27,validated_tip_append_only
64,318.337,27,validated_tip_snapshot_export
64,7018.915,27,verify_distinct_session_export
64,315.971,27,serialize_distinct_session_export
64,41460.596,28,validated_tip_end_to_end
64,41149.146,28,validated_tip_append_only
64,310.282,28,validated_tip_snapshot_export
64,6785.366,28,verify_distinct_session_export
64,310.01,28,serialize_distinct_session_export
64,41243.815,29,validated_tip_end_to_end
64,40924.64,29,validated_tip_append_only
64,317.944,29,validated_tip_snapshot_export
64,6832.801,29,verify_distinct_session_export
64,307.759,29,serialize_distinct_session_export
64,41125.215,30,validated_tip_end_to_end
64,40818.254,30,validated_tip_append_only
64,306.082,30,validated_tip_snapshot_export
64,6747.903,30,verify_distinct_session_export
64,344.228,30,serialize_distinct_session_export
64,278512.154,0,full_prefix_replay_end_to_end
64,277874.006,1,full_prefix_replay_end_to_end
64,278462.359,2,full_prefix_replay_end_to_end
64,277764.057,3,full_prefix_replay_end_to_end
64,278023.791,4,full_prefix_replay_end_to_end
64,278238.677,5,full_prefix_replay_end_to_end
64,278347.692,6,full_prefix_replay_end_to_end
128,83546.489,0,validated_tip_end_to_end
128,82968.768,0,validated_tip_append_only
128,576.679,0,validated_tip_snapshot_export
128,13301.299,0,verify_distinct_session_export
128,620.216,0,serialize_distinct_session_export
128,87027.87,1,validated_tip_end_to_end
128,86390.039,1,validated_tip_append_only
128,636.604,1,validated_tip_snapshot_export
128,13453.604,1,verify_distinct_session_export
128,662.736,1,serialize_distinct_session_export
128,83749.382,2,validated_tip_end_to_end
128,83136.6,2,validated_tip_append_only
128,611.434,2,validated_tip_snapshot_export
128,13363.507,2,verify_distinct_session_export
128,606.086,2,serialize_distinct_session_export
128,96227.401,3,validated_tip_end_to_end
128,95626.712,3,validated_tip_append_only
128,599.385,3,validated_tip_snapshot_export
128,13426.44,3,verify_distinct_session_export
128,642.459,3,serialize_distinct_session_export
128,83914.596,4,validated_tip_end_to_end
128,83308.27,4,validated_tip_append_only
128,604.985,4,validated_tip_snapshot_export
128,13400.277,4,verify_distinct_session_export
128,607.077,4,serialize_distinct_session_export
128,83078.755,5,validated_tip_end_to_end
128,82478.497,5,validated_tip_append_only
128,598.7,5,validated_tip_snapshot_export
128,13376.389,5,verify_distinct_session_export
128,620.973,5,serialize_distinct_session_export
128,83940.694,6,validated_tip_end_to_end
128,83344.848,6,validated_tip_append_only
128,594.772,6,validated_tip_snapshot_export
128,13337.856,6,verify_distinct_session_export
128,626.173,6,serialize_distinct_session_export
128,82313.101,7,validated_tip_end_to_end
128,81708.667,7,validated_tip_append_only
128,602.976,7,validated_tip_snapshot_export
128,13744.14,7,verify_distinct_session_export
128,670.411,7,serialize_distinct_session_export
128,84709.189,8,validated_tip_end_to_end
128,84114.221,8,validated_tip_append_only
128,593.647,8,validated_tip_snapshot_export
128,13448.618,8,verify_distinct_session_export
128,619.558,8,serialize_distinct_session_export
128,83608.785,9,validated_tip_end_to_end
128,83018.826,9,validated_tip_append_only
128,588.818,9,validated_tip_snapshot_export
128,13412.791,9,verify_distinct_session_export
128,622.988,9,serialize_distinct_session_export
128,84025.418,10,validated_tip_end_to_end
128,83422.573,10,validated_tip_append_only
128,601.658,10,validated_tip_snapshot_export
128,13349.591,10,verify_distinct_session_export
128,628.758,10,serialize_distinct_session_export
128,84465.504,11,validated_tip_end_to_end
128,83854.44,11,validated_tip_append_only
128,609.84,11,validated_tip_snapshot_export
128,13387.017,11,verify_distinct_session_export
128,622.096,11,serialize_distinct_session_export
128,83425.346,12,validated_tip_end_to_end
128,82830.032,12,validated_tip_append_only
128,594.096,12,validated_tip_snapshot_export
128,13353.616,12,verify_distinct_session_export
128,623.639,12,serialize_distinct_session_export
128,82953.201,13,validated_tip_end_to_end
128,82366.811,13,validated_tip_append_only
128,585.264,13,validated_tip_snapshot_export
128,13434.968,13,verify_distinct_session_export
128,621.789,13,serialize_distinct_session_export
128,83516.682,14,validated_tip_end_to_end
128,82911.188,14,validated_tip_append_only
128,604.288,14,validated_tip_snapshot_export
128,13349.876,14,verify_distinct_session_export
128,614.462,14,serialize_distinct_session_export
128,82246.89,15,validated_tip_end_to_end
128,81662.298,15,validated_tip_append_only
128,583.437,15,validated_tip_snapshot_export
128,13402.788,15,verify_distinct_session_export
128,613.161,15,serialize_distinct_session_export
128,82360.302,16,validated_tip_end_to_end
128,81765.058,16,validated_tip_append_only
128,593.99,16,validated_tip_snapshot_export
128,13387.532,16,verify_distinct_session_export
128,616.253,16,serialize_distinct_session_export
128,82413.997,17,validated_tip_end_to_end
128,81821.28,17,validated_tip_append_only
128,591.454,17,validated_tip_snapshot_export
128,13406.922,17,verify_distinct_session_export
128,615.264,17,serialize_distinct_session_export
128,82833.395,18,validated_tip_end_to_end
128,82251.026,18,validated_tip_append_only
128,581.18,18,validated_tip_snapshot_export
128,13441.484,18,verify_distinct_session_export
128,623.715,18,serialize_distinct_session_export
128,82288.847,19,validated_tip_end_to_end
128,81695.474,19,validated_tip_append_only
128,592.035,19,validated_tip_snapshot_export
128,13433.609,19,verify_distinct_session_export
128,625.123,19,serialize_distinct_session_export
128,93735.479,20,validated_tip_end_to_end
128,93152.006,20,validated_tip_append_only
128,582.229,20,validated_tip_snapshot_export
128,13376.044,20,verify_distinct_session_export
128,609.182,20,serialize_distinct_session_export
128,82564.528,21,validated_tip_end_to_end
128,81963.165,21,validated_tip_append_only
128,600.052,21,validated_tip_snapshot_export
128,13989.915,21,verify_distinct_session_export
128,672.971,21,serialize_distinct_session_export
128,82311.558,22,validated_tip_end_to_end
128,81719.738,22,validated_tip_append_only
128,590.597,22,validated_tip_snapshot_export
128,13356.063,22,verify_distinct_session_export
128,618.221,22,serialize_distinct_session_export
128,82094.246,23,validated_tip_end_to_end
128,81487.605,23,validated_tip_append_only
128,605.241,23,validated_tip_snapshot_export
128,13827.531,23,verify_distinct_session_export
128,634.449,23,serialize_distinct_session_export
128,82570.769,24,validated_tip_end_to_end
128,81972.414,24,validated_tip_append_only
128,597.138,24,validated_tip_snapshot_export
128,13364.282,24,verify_distinct_session_export
128,621.662,24,serialize_distinct_session_export
128,82080.956,25,validated_tip_end_to_end
128,81501.47,25,validated_tip_append_only
128,578.349,25,validated_tip_snapshot_export
128,13366.512,25,verify_distinct_session_export
128,620.246,25,serialize_distinct_session_export
128,82429.249,26,validated_tip_end_to_end
128,81829.499,26,validated_tip_append_only
128,598.687,26,validated_tip_snapshot_export
128,13435.962,26,verify_distinct_session_export
128,622.573,26,serialize_distinct_session_export
128,82191.14,27,validated_tip_end_to_end
128,81598.809,27,validated_tip_append_only
128,591.142,27,validated_tip_snapshot_export
128,13466.641,27,verify_distinct_session_export
128,624.263,27,serialize_distinct_session_export
128,82169.494,28,validated_tip_end_to_end
128,81563.955,28,validated_tip_append_only
128,604.333,28,validated_tip_snapshot_export
128,13378.19,28,verify_distinct_session_export
128,612.293,28,serialize_distinct_session_export
128,82474.449,29,validated_tip_end_to_end
128,81866.02,29,validated_tip_append_only
128,607.124,29,validated_tip_snapshot_export
128,13392.346,29,verify_distinct_session_export
128,607.479,29,serialize_distinct_session_export
128,82439.489,30,validated_tip_end_to_end
128,81847.378,30,validated_tip_append_only
128,590.939,30,validated_tip_snapshot_export
128,13471.052,30,verify_distinct_session_export
128,618.311,30,serialize_distinct_session_export
128,1052126.152,0,full_prefix_replay_end_to_end
128,1048504.67,1,full_prefix_replay_end_to_end
128,1049473.935,2,full_prefix_replay_end_to_end
128,1050480.402,3,full_prefix_replay_end_to_end
128,1049025.992,4,full_prefix_replay_end_to_end
128,1064605.269,5,full_prefix_replay_end_to_end
128,1052000.607,6,full_prefix_replay_end_to_end
256,172391.023,0,validated_tip_end_to_end
256,171217.6,0,validated_tip_append_only
256,1171.914,0,validated_tip_snapshot_export
256,26430.986,0,verify_distinct_session_export
256,1312.457,0,serialize_distinct_session_export
256,164984.288,1,validated_tip_end_to_end
256,163773.925,1,validated_tip_append_only
256,1208.793,1,validated_tip_snapshot_export
256,26530.295,1,verify_distinct_session_export
256,1359.965,1,serialize_distinct_session_export
256,165410.543,2,validated_tip_end_to_end
256,164236.18,2,validated_tip_append_only
256,1172.959,2,validated_tip_snapshot_export
256,26485.984,2,verify_distinct_session_export
256,1208.941,2,serialize_distinct_session_export
256,164917.816,3,validated_tip_end_to_end
256,163785.396,3,validated_tip_append_only
256,1131.023,3,validated_tip_snapshot_export
256,26476.324,3,verify_distinct_session_export
256,1223.77,3,serialize_distinct_session_export
256,165708.92,4,validated_tip_end_to_end
256,164522.108,4,validated_tip_append_only
256,1185.244,4,validated_tip_snapshot_export
256,26576.395,4,verify_distinct_session_export
256,1250.963,4,serialize_distinct_session_export
256,164228.585,5,validated_tip_end_to_end
256,163051.665,5,validated_tip_append_only
256,1175.354,5,validated_tip_snapshot_export
256,26615.79,5,verify_distinct_session_export
256,1225.555,5,serialize_distinct_session_export
256,179436.439,6,validated_tip_end_to_end
256,178257.245,6,validated_tip_append_only
256,1177.26,6,validated_tip_snapshot_export
256,26554.336,6,verify_distinct_session_export
256,1229.225,6,serialize_distinct_session_export
256,165815.12,7,validated_tip_end_to_end
256,164635.374,7,validated_tip_append_only
256,1178.307,7,validated_tip_snapshot_export
256,26472.372,7,verify_distinct_session_export
256,1231.518,7,serialize_distinct_session_export
256,166027.709,8,validated_tip_end_to_end
256,164865.158,8,validated_tip_append_only
256,1161.037,8,validated_tip_snapshot_export
256,26594.599,8,verify_distinct_session_export
256,1284.581,8,serialize_distinct_session_export
256,165014.725,9,validated_tip_end_to_end
256,163849.201,9,validated_tip_append_only
256,1164.011,9,validated_tip_snapshot_export
256,26507.789,9,verify_distinct_session_export
256,1232.526,9,serialize_distinct_session_export
256,165979.882,10,validated_tip_end_to_end
256,164795.351,10,validated_tip_append_only
256,1183.1,10,validated_tip_snapshot_export
256,26612.952,10,verify_distinct_session_export
256,1257.76,10,serialize_distinct_session_export
256,165492.928,11,validated_tip_end_to_end
256,164328.478,11,validated_tip_append_only
256,1162.901,11,validated_tip_snapshot_export
256,26539.164,11,verify_distinct_session_export
256,1235.129,11,serialize_distinct_session_export
256,168260.394,12,validated_tip_end_to_end
256,167076.839,12,validated_tip_append_only
256,1181.981,12,validated_tip_snapshot_export
256,26532.615,12,verify_distinct_session_export
256,1228.672,12,serialize_distinct_session_export
256,165249.179,13,validated_tip_end_to_end
256,164096.991,13,validated_tip_append_only
256,1150.788,13,validated_tip_snapshot_export
256,26599.906,13,verify_distinct_session_export
256,1214.413,13,serialize_distinct_session_export
256,177331.359,14,validated_tip_end_to_end
256,176165.638,14,validated_tip_append_only
256,1164.247,14,validated_tip_snapshot_export
256,26519.402,14,verify_distinct_session_export
256,1216.039,14,serialize_distinct_session_export
256,164889.872,15,validated_tip_end_to_end
256,163701.95,15,validated_tip_append_only
256,1186.474,15,validated_tip_snapshot_export
256,26642.974,15,verify_distinct_session_export
256,1232.553,15,serialize_distinct_session_export
256,164838.605,16,validated_tip_end_to_end
256,163662.904,16,validated_tip_append_only
256,1174.209,16,validated_tip_snapshot_export
256,26497.623,16,verify_distinct_session_export
256,1226.967,16,serialize_distinct_session_export
256,165252.772,17,validated_tip_end_to_end
256,164075.753,17,validated_tip_append_only
256,1175.558,17,validated_tip_snapshot_export
256,26510.468,17,verify_distinct_session_export
256,1227.596,17,serialize_distinct_session_export
256,165233.251,18,validated_tip_end_to_end
256,164079.655,18,validated_tip_append_only
256,1152.039,18,validated_tip_snapshot_export
256,26566.353,18,verify_distinct_session_export
256,1224.134,18,serialize_distinct_session_export
256,165052.423,19,validated_tip_end_to_end
256,163887.942,19,validated_tip_append_only
256,1162.856,19,validated_tip_snapshot_export
256,26670.17,19,verify_distinct_session_export
256,1229.653,19,serialize_distinct_session_export
256,165317.442,20,validated_tip_end_to_end
256,164142.393,20,validated_tip_append_only
256,1173.841,20,validated_tip_snapshot_export
256,26545.309,20,verify_distinct_session_export
256,1233.772,20,serialize_distinct_session_export
256,165163.352,21,validated_tip_end_to_end
256,164008.357,21,validated_tip_append_only
256,1153.711,21,validated_tip_snapshot_export
256,26603.73,21,verify_distinct_session_export
256,1220.232,21,serialize_distinct_session_export
256,178873.261,22,validated_tip_end_to_end
256,177706.013,22,validated_tip_append_only
256,1165.676,22,validated_tip_snapshot_export
256,26526.797,22,verify_distinct_session_export
256,1229.446,22,serialize_distinct_session_export
256,165006.398,23,validated_tip_end_to_end
256,163848.013,23,validated_tip_append_only
256,1156.937,23,validated_tip_snapshot_export
256,26521.521,23,verify_distinct_session_export
256,1221.327,23,serialize_distinct_session_export
256,167453.99,24,validated_tip_end_to_end
256,166275.857,24,validated_tip_append_only
256,1176.418,24,validated_tip_snapshot_export
256,26626.79,24,verify_distinct_session_export
256,1240.994,24,serialize_distinct_session_export
256,165509.44,25,validated_tip_end_to_end
256,164350.796,25,validated_tip_append_only
256,1157.161,25,validated_tip_snapshot_export
256,26493.863,25,verify_distinct_session_export
256,1203.472,25,serialize_distinct_session_export
256,169949.463,26,validated_tip_end_to_end
256,168782.581,26,validated_tip_append_only
256,1165.319,26,validated_tip_snapshot_export
256,26509.816,26,verify_distinct_session_export
256,1231.05,26,serialize_distinct_session_export
256,166595.445,27,validated_tip_end_to_end
256,165427.168,27,validated_tip_append_only
256,1166.641,27,validated_tip_snapshot_export
256,26571.595,27,verify_distinct_session_export
256,1205.989,27,serialize_distinct_session_export
256,165984.868,28,validated_tip_end_to_end
256,164827.509,28,validated_tip_append_only
256,1155.909,28,validated_tip_snapshot_export
256,26481.571,28,verify_distinct_session_export
256,1223.964,28,serialize_distinct_session_export
256,165155.911,29,validated_tip_end_to_end
256,163969.954,29,validated_tip_append_only
256,1184.4,29,validated_tip_snapshot_export
256,26486.883,29,verify_distinct_session_export
256,1222.532,29,serialize_distinct_session_export
256,177631.71,30,validated_tip_end_to_end
256,176455.199,30,validated_tip_append_only
256,1174.99,30,validated_tip_snapshot_export
256,26538.836,30,verify_distinct_session_export
256,1248.179,30,serialize_distinct_session_export
256,4099006.238,0,full_prefix_replay_end_to_end
256,4085373.527,1,full_prefix_replay_end_to_end
256,4083342.865,2,full_prefix_replay_end_to_end
256,4105021.673,3,full_prefix_replay_end_to_end
256,4079176.832,4,full_prefix_replay_end_to_end
256,4098896.684,5,full_prefix_replay_end_to_end
256,4089394.488,6,full_prefix_replay_end_to_end
512,335242.997,0,validated_tip_end_to_end
512,332992.414,0,validated_tip_append_only
512,2248.915,0,validated_tip_snapshot_export
512,52825.543,0,verify_distinct_session_export
512,2581.377,0,serialize_distinct_session_export
512,331989.317,1,validated_tip_end_to_end
512,329544.143,1,validated_tip_append_only
512,2443.467,1,validated_tip_snapshot_export
512,53044.328,1,verify_distinct_session_export
512,2665.355,1,serialize_distinct_session_export
512,355245.556,2,validated_tip_end_to_end
512,352913.092,2,validated_tip_append_only
512,2330.744,2,validated_tip_snapshot_export
512,52661.566,2,verify_distinct_session_export
512,2465.517,2,serialize_distinct_session_export
512,327263.715,3,validated_tip_end_to_end
512,324966.959,3,validated_tip_append_only
512,2295.05,3,validated_tip_snapshot_export
512,52790.591,3,verify_distinct_session_export
512,2609.524,3,serialize_distinct_session_export
512,334421.319,4,validated_tip_end_to_end
512,332134.595,4,validated_tip_append_only
512,2285.008,4,validated_tip_snapshot_export
512,52803.665,4,verify_distinct_session_export
512,2486.786,4,serialize_distinct_session_export
512,326918.343,5,validated_tip_end_to_end
512,324615.623,5,validated_tip_append_only
512,2301.134,5,validated_tip_snapshot_export
512,52881.456,5,verify_distinct_session_export
512,2447.933,5,serialize_distinct_session_export
512,345909.5,6,validated_tip_end_to_end
512,343598.927,6,validated_tip_append_only
512,2308.829,6,validated_tip_snapshot_export
512,52677.894,6,verify_distinct_session_export
512,2435.273,6,serialize_distinct_session_export
512,326707.567,7,validated_tip_end_to_end
512,324452.351,7,validated_tip_append_only
512,2253.31,7,validated_tip_snapshot_export
512,52660.94,7,verify_distinct_session_export
512,2464.083,7,serialize_distinct_session_export
512,332343.026,8,validated_tip_end_to_end
512,329854.779,8,validated_tip_append_only
512,2486.441,8,validated_tip_snapshot_export
512,52800.924,8,verify_distinct_session_export
512,2481.724,8,serialize_distinct_session_export
512,326278.483,9,validated_tip_end_to_end
512,324013.317,9,validated_tip_append_only
512,2263.527,9,validated_tip_snapshot_export
512,52697.729,9,verify_distinct_session_export
512,2495.171,9,serialize_distinct_session_export
512,343782.773,10,validated_tip_end_to_end
512,341465.283,10,validated_tip_append_only
512,2315.734,10,validated_tip_snapshot_export
512,52916.49,10,verify_distinct_session_export
512,2490.1,10,serialize_distinct_session_export
512,327340.615,11,validated_tip_end_to_end
512,325043.963,11,validated_tip_append_only
512,2295.104,11,validated_tip_snapshot_export
512,52671.602,11,verify_distinct_session_export
512,2475.356,11,serialize_distinct_session_export
512,334462.373,12,validated_tip_end_to_end
512,332187.65,12,validated_tip_append_only
512,2272.858,12,validated_tip_snapshot_export
512,52747.033,12,verify_distinct_session_export
512,2483.038,12,serialize_distinct_session_export
512,340427.205,13,validated_tip_end_to_end
512,338144.895,13,validated_tip_append_only
512,2280.523,13,validated_tip_snapshot_export
512,52837.93,13,verify_distinct_session_export
512,2681.95,13,serialize_distinct_session_export
512,334728.834,14,validated_tip_end_to_end
512,332396.481,14,validated_tip_append_only
512,2330.616,14,validated_tip_snapshot_export
512,52741.206,14,verify_distinct_session_export
512,2447.678,14,serialize_distinct_session_export
512,328028.879,15,validated_tip_end_to_end
512,325739.58,15,validated_tip_append_only
512,2287.525,15,validated_tip_snapshot_export
512,52700.906,15,verify_distinct_session_export
512,2491.159,15,serialize_distinct_session_export
512,331227.786,16,validated_tip_end_to_end
512,328918.885,16,validated_tip_append_only
512,2307.252,16,validated_tip_snapshot_export
512,53789.811,16,verify_distinct_session_export
512,2496.775,16,serialize_distinct_session_export
512,345335.62,17,validated_tip_end_to_end
512,343034.616,17,validated_tip_append_only
512,2299.297,17,validated_tip_snapshot_export
512,52744.212,17,verify_distinct_session_export
512,2447.522,17,serialize_distinct_session_export
512,388641.677,18,validated_tip_end_to_end
512,385958.096,18,validated_tip_append_only
512,2681.844,18,validated_tip_snapshot_export
512,60962.963,18,verify_distinct_session_export
512,2867.112,18,serialize_distinct_session_export
512,382097.958,19,validated_tip_end_to_end
512,379180.071,19,validated_tip_append_only
512,2915.77,19,validated_tip_snapshot_export
512,61111.799,19,verify_distinct_session_export
512,2771.367,19,serialize_distinct_session_export
512,383322.408,20,validated_tip_end_to_end
512,380725.411,20,validated_tip_append_only
512,2595.267,20,validated_tip_snapshot_export
512,60641.065,20,verify_distinct_session_export
512,2818.426,20,serialize_distinct_session_export
512,393697.037,21,validated_tip_end_to_end
512,391007.16,21,validated_tip_append_only
512,2687.936,21,validated_tip_snapshot_export
512,61177.097,21,verify_distinct_session_export
512,2818.902,21,serialize_distinct_session_export
512,384302.468,22,validated_tip_end_to_end
512,381689.85,22,validated_tip_append_only
512,2610.672,22,validated_tip_snapshot_export
512,60015.094,22,verify_distinct_session_export
512,2855.114,22,serialize_distinct_session_export
512,382146.911,23,validated_tip_end_to_end
512,379528.229,23,validated_tip_append_only
512,2616.733,23,validated_tip_snapshot_export
512,61439.022,23,verify_distinct_session_export
512,2865.111,23,serialize_distinct_session_export
512,349149.537,24,validated_tip_end_to_end
512,346840.541,24,validated_tip_append_only
512,2307.181,24,validated_tip_snapshot_export
512,52975.458,24,verify_distinct_session_export
512,2519.025,24,serialize_distinct_session_export
512,343409.684,25,validated_tip_end_to_end
512,341069.19,25,validated_tip_append_only
512,2338.623,25,validated_tip_snapshot_export
512,52739.847,25,verify_distinct_session_export
512,2465.789,25,serialize_distinct_session_export
512,331198.564,26,validated_tip_end_to_end
512,328901.766,26,validated_tip_append_only
512,2295.128,26,validated_tip_snapshot_export
512,52780.73,26,verify_distinct_session_export
512,2523.24,26,serialize_distinct_session_export
512,329631.825,27,validated_tip_end_to_end
512,327343.877,27,validated_tip_append_only
512,2286.153,27,validated_tip_snapshot_export
512,52852.063,27,verify_distinct_session_export
512,2473.236,27,serialize_distinct_session_export
512,346267.855,28,validated_tip_end_to_end
512,343969.767,28,validated_tip_append_only
512,2296.367,28,validated_tip_snapshot_export
512,52857.267,28,verify_distinct_session_export
512,2482.739,28,serialize_distinct_session_export
512,329899.503,29,validated_tip_end_to_end
512,327611.09,29,validated_tip_append_only
512,2286.731,29,validated_tip_snapshot_export
512,52722.136,29,verify_distinct_session_export
512,2461.431,29,serialize_distinct_session_export
512,330217.79,30,validated_tip_end_to_end
512,327719.407,30,validated_tip_append_only
512,2496.331,30,validated_tip_snapshot_export
512,52884.523,30,verify_distinct_session_export
512,2509.933,30,serialize_distinct_session_export
1024,676930.166,0,validated_tip_end_to_end
1024,672440.121,0,validated_tip_append_only
1024,4487.963,0,validated_tip_snapshot_export
1024,104992.498,0,verify_distinct_session_export
1024,5217.882,0,serialize_distinct_session_export
1024,657620.396,1,validated_tip_end_to_end
1024,652896.668,1,validated_tip_append_only
1024,4721.75,1,validated_tip_snapshot_export
1024,105409.234,1,verify_distinct_session_export
1024,4981.693,1,serialize_distinct_session_export
1024,677059.158,2,validated_tip_end_to_end
1024,672571.757,2,validated_tip_append_only
1024,4485.259,2,validated_tip_snapshot_export
1024,105192.273,2,verify_distinct_session_export
1024,4915.517,2,serialize_distinct_session_export
1024,655960.694,3,validated_tip_end_to_end
1024,651510.941,3,validated_tip_append_only
1024,4447.779,3,validated_tip_snapshot_export
1024,105225.188,3,verify_distinct_session_export
1024,5108.326,3,serialize_distinct_session_export
1024,677145.768,4,validated_tip_end_to_end
1024,672681.567,4,validated_tip_append_only
1024,4462.39,4,validated_tip_snapshot_export
1024,105133.956,4,verify_distinct_session_export
1024,4879.393,4,serialize_distinct_session_export
1024,658307.508,5,validated_tip_end_to_end
1024,653866.834,5,validated_tip_append_only
1024,4438.801,5,validated_tip_snapshot_export
1024,105133.974,5,verify_distinct_session_export
1024,5078.209,5,serialize_distinct_session_export
1024,676253.79,6,validated_tip_end_to_end
1024,671774.27,6,validated_tip_append_only
1024,4477.508,6,validated_tip_snapshot_export
1024,105206.682,6,verify_distinct_session_export
1024,5112.777,6,serialize_distinct_session_export
1024,657115.291,7,validated_tip_end_to_end
1024,652199.334,7,validated_tip_append_only
1024,4913.644,7,validated_tip_snapshot_export
1024,105077.676,7,verify_distinct_session_export
1024,4972.853,7,serialize_distinct_session_export
1024,673866.141,8,validated_tip_end_to_end
1024,669402.984,8,validated_tip_append_only
1024,4461.184,8,validated_tip_snapshot_export
1024,105242.431,8,verify_distinct_session_export
1024,4952.257,8,serialize_distinct_session_export
1024,657246.557,9,validated_tip_end_to_end
1024,652787.289,9,validated_tip_append_only
1024,4457.482,9,validated_tip_snapshot_export
1024,105128.958,9,verify_distinct_session_export
1024,5030.64,9,serialize_distinct_session_export
1024,673462.545,10,validated_tip_end_to_end
1024,668739.357,10,validated_tip_append_only
1024,4721.249,10,validated_tip_snapshot_export
1024,105118.548,10,verify_distinct_session_export
1024,4949.207,10,serialize_distinct_session_export
1024,656983.368,11,validated_tip_end_to_end
1024,652171.697,11,validated_tip_append_only
1024,4809.816,11,validated_tip_snapshot_export
1024,105318.724,11,verify_distinct_session_export
1024,4979.625,11,serialize_distinct_session_export
1024,672580.466,12,validated_tip_end_to_end
1024,668079.761,12,validated_tip_append_only
1024,4498.677,12,validated_tip_snapshot_export
1024,105380.237,12,verify_distinct_session_export
1024,4968.795,12,serialize_distinct_session_export
1024,658061.359,13,validated_tip_end_to_end
1024,653569.389,13,validated_tip_append_only
1024,4490.154,13,validated_tip_snapshot_export
1024,105338.14,13,verify_distinct_session_export
1024,5058.005,13,serialize_distinct_session_export
1024,677304.537,14,validated_tip_end_to_end
1024,672812.636,14,validated_tip_append_only
1024,4490.104,14,validated_tip_snapshot_export
1024,105324.17,14,verify_distinct_session_export
1024,5463.412,14,serialize_distinct_session_export
1024,732999.952,15,validated_tip_end_to_end
1024,727800.488,15,validated_tip_append_only
1024,5197.467,15,validated_tip_snapshot_export
1024,121175.948,15,verify_distinct_session_export
1024,5648.388,15,serialize_distinct_session_export
1024,781003.059,16,validated_tip_end_to_end
1024,775946.429,16,validated_tip_append_only
1024,5054.717,16,validated_tip_snapshot_export
1024,122629.12,16,verify_distinct_session_export
1024,5909.877,16,serialize_distinct_session_export
1024,764699.828,17,validated_tip_end_to_end
1024,759572.96,17,validated_tip_append_only
1024,5124.907,17,validated_tip_snapshot_export
1024,119973.228,17,verify_distinct_session_export
1024,6009.502,17,serialize_distinct_session_export
1024,751041.815,18,validated_tip_end_to_end
1024,730437.273,18,validated_tip_append_only
1024,20602.465,18,validated_tip_snapshot_export
1024,105828.981,18,verify_distinct_session_export
1024,5080.737,18,serialize_distinct_session_export
1024,660968.411,19,validated_tip_end_to_end
1024,656155.422,19,validated_tip_append_only
1024,4811.264,19,validated_tip_snapshot_export
1024,105298.718,19,verify_distinct_session_export
1024,5069.941,19,serialize_distinct_session_export
1024,660791.394,20,validated_tip_end_to_end
1024,655934.024,20,validated_tip_append_only
1024,4855.306,20,validated_tip_snapshot_export
1024,105103.689,20,verify_distinct_session_export
1024,5234.796,20,serialize_distinct_session_export
1024,674316.526,21,validated_tip_end_to_end
1024,669426.587,21,validated_tip_append_only
1024,4888.015,21,validated_tip_snapshot_export
1024,105375.928,21,verify_distinct_session_export
1024,5043.558,21,serialize_distinct_session_export
1024,676875.293,22,validated_tip_end_to_end
1024,672186.061,22,validated_tip_append_only
1024,4686.941,22,validated_tip_snapshot_export
1024,105429.496,22,verify_distinct_session_export
1024,5202.938,22,serialize_distinct_session_export
1024,659209.396,23,validated_tip_end_to_end
1024,654735.413,23,validated_tip_append_only
1024,4472.078,23,validated_tip_snapshot_export
1024,105494.031,23,verify_distinct_session_export
1024,5197.346,23,serialize_distinct_session_export
1024,677464.202,24,validated_tip_end_to_end
1024,672918.487,24,validated_tip_append_only
1024,4543.832,24,validated_tip_snapshot_export
1024,115604.386,24,verify_distinct_session_export
1024,5374.193,24,serialize_distinct_session_export
1024,757013.129,25,validated_tip_end_to_end
1024,751776.342,25,validated_tip_append_only
1024,5234.753,25,validated_tip_snapshot_export
1024,123316.518,25,verify_distinct_session_export
1024,6184.463,25,serialize_distinct_session_export
1024,727230.616,26,validated_tip_end_to_end
1024,722746.463,26,validated_tip_append_only
1024,4482.245,26,validated_tip_snapshot_export
1024,105280.608,26,verify_distinct_session_export
1024,5101.35,26,serialize_distinct_session_export
1024,659090.279,27,validated_tip_end_to_end
1024,654564.21,27,validated_tip_append_only
1024,4524.266,27,validated_tip_snapshot_export
1024,105384.93,27,verify_distinct_session_export
1024,5080.761,27,serialize_distinct_session_export
1024,681299.618,28,validated_tip_end_to_end
1024,660693.447,28,validated_tip_append_only
1024,20604.273,28,validated_tip_snapshot_export
1024,105931.448,28,verify_distinct_session_export
1024,5050.873,28,serialize_distinct_session_export
1024,660418.53,29,validated_tip_end_to_end
1024,655544.306,29,validated_tip_append_only
1024,4872.314,29,validated_tip_snapshot_export
1024,105421.895,29,verify_distinct_session_export
1024,5041.936,29,serialize_distinct_session_export
1024,660709.079,30,validated_tip_end_to_end
1024,656171.239,30,validated_tip_append_only
1024,4535.875,30,validated_tip_snapshot_export
1024,105646.122,30,verify_distinct_session_export
1024,5019.131,30,serialize_distinct_session_export
2048,1341212.614,0,validated_tip_end_to_end
2048,1332021.018,0,validated_tip_append_only
2048,9189.682,0,validated_tip_snapshot_export
2048,210608.224,0,verify_distinct_session_export
2048,10750.023,0,serialize_distinct_session_export
2048,1330641.844,1,validated_tip_end_to_end
2048,1320753.795,1,validated_tip_append_only
2048,9885.963,1,validated_tip_snapshot_export
2048,210013.961,1,verify_distinct_session_export
2048,9838.061,1,serialize_distinct_session_export
2048,1338742.02,2,validated_tip_end_to_end
2048,1329155.806,2,validated_tip_append_only
2048,9584.087,2,validated_tip_snapshot_export
2048,209998.989,2,verify_distinct_session_export
2048,10040.917,2,serialize_distinct_session_export
2048,1328783.696,3,validated_tip_end_to_end
2048,1319695.625,3,validated_tip_append_only
2048,9085.984,3,validated_tip_snapshot_export
2048,210502.641,3,verify_distinct_session_export
2048,9858.566,3,serialize_distinct_session_export
2048,1335769.856,4,validated_tip_end_to_end
2048,1326683.554,4,validated_tip_append_only
2048,9084.328,4,validated_tip_snapshot_export
2048,210233.432,4,verify_distinct_session_export
2048,9914.739,4,serialize_distinct_session_export
2048,1328043.908,5,validated_tip_end_to_end
2048,1319163.154,5,validated_tip_append_only
2048,8878.852,5,validated_tip_snapshot_export
2048,210680.698,5,verify_distinct_session_export
2048,9922.946,5,serialize_distinct_session_export
2048,1347067.967,6,validated_tip_end_to_end
2048,1337924.011,6,validated_tip_append_only
2048,9142.023,6,validated_tip_snapshot_export
2048,210285.897,6,verify_distinct_session_export
2048,9951.463,6,serialize_distinct_session_export
2048,1342894.83,7,validated_tip_end_to_end
2048,1333689.491,7,validated_tip_append_only
2048,9203.403,7,validated_tip_snapshot_export
2048,210381.706,7,verify_distinct_session_export
2048,9984.945,7,serialize_distinct_session_export
2048,1341525.729,8,validated_tip_end_to_end
2048,1332136.375,8,validated_tip_append_only
2048,9387.11,8,validated_tip_snapshot_export
2048,210095.746,8,verify_distinct_session_export
2048,9926.066,8,serialize_distinct_session_export
2048,1352939.356,9,validated_tip_end_to_end
2048,1343427.09,9,validated_tip_append_only
2048,9509.592,9,validated_tip_snapshot_export
2048,210253.52,9,verify_distinct_session_export
2048,10071.64,9,serialize_distinct_session_export
2048,1348245.158,10,validated_tip_end_to_end
2048,1315957.408,10,validated_tip_append_only
2048,32285.615,10,validated_tip_snapshot_export
2048,210281.908,10,verify_distinct_session_export
2048,10015.914,10,serialize_distinct_session_export
2048,1319618.741,11,validated_tip_end_to_end
2048,1310233.173,11,validated_tip_append_only
2048,9383.599,11,validated_tip_snapshot_export
2048,210489.146,11,verify_distinct_session_export
2048,10887.251,11,serialize_distinct_session_export
2048,1340669.086,12,validated_tip_end_to_end
2048,1331260.52,12,validated_tip_append_only
2048,9406.663,12,validated_tip_snapshot_export
2048,210809.161,12,verify_distinct_session_export
2048,10165.818,12,serialize_distinct_session_export
2048,1340171.377,13,validated_tip_end_to_end
2048,1330678.347,13,validated_tip_append_only
2048,9490.415,13,validated_tip_snapshot_export
2048,210340.529,13,verify_distinct_session_export
2048,10797.531,13,serialize_distinct_session_export
2048,1339757.168,14,validated_tip_end_to_end
2048,1330337.497,14,validated_tip_append_only
2048,9417.537,14,validated_tip_snapshot_export
2048,211395.86,14,verify_distinct_session_export
2048,10315.346,14,serialize_distinct_session_export
2048,1352668.697,15,validated_tip_end_to_end
2048,1343091.012,15,validated_tip_append_only
2048,9574.674,15,validated_tip_snapshot_export
2048,210173.157,15,verify_distinct_session_export
2048,10550.861,15,serialize_distinct_session_export
2048,1338327.523,16,validated_tip_end_to_end
2048,1329422.782,16,validated_tip_append_only
2048,8902.792,16,validated_tip_snapshot_export
2048,210802.59,16,verify_distinct_session_export
2048,10181.949,16,serialize_distinct_session_export
2048,1319984.509,17,validated_tip_end_to_end
2048,1310931.175,17,validated_tip_append_only
2048,9051.485,17,validated_tip_snapshot_export
2048,210802.558,17,verify_distinct_session_export
2048,10885.939,17,serialize_distinct_session_export
2048,1340264.072,18,validated_tip_end_to_end
2048,1331369.412,18,validated_tip_append_only
2048,8892.512,18,validated_tip_snapshot_export
2048,210565.169,18,verify_distinct_session_export
2048,10060.408,18,serialize_distinct_session_export
2048,1333271.181,19,validated_tip_end_to_end
2048,1323883.087,19,validated_tip_append_only
2048,9386.271,19,validated_tip_snapshot_export
2048,210706.977,19,verify_distinct_session_export
2048,10390.61,19,serialize_distinct_session_export
2048,1341915.422,20,validated_tip_end_to_end
2048,1332388.884,20,validated_tip_append_only
2048,9524.384,20,validated_tip_snapshot_export
2048,210488.43,20,verify_distinct_session_export
2048,10187.879,20,serialize_distinct_session_export
2048,1337489.517,21,validated_tip_end_to_end
2048,1328148.954,21,validated_tip_append_only
2048,9338.595,21,validated_tip_snapshot_export
2048,211092.685,21,verify_distinct_session_export
2048,10852.809,21,serialize_distinct_session_export
2048,1343039.617,22,validated_tip_end_to_end
2048,1333562.408,22,validated_tip_append_only
2048,9474.216,22,validated_tip_snapshot_export
2048,210273.292,22,verify_distinct_session_export
2048,10133.425,22,serialize_distinct_session_export
2048,1337553.238,23,validated_tip_end_to_end
2048,1328164.152,23,validated_tip_append_only
2048,9386.883,23,validated_tip_snapshot_export
2048,210851.952,23,verify_distinct_session_export
2048,10529.383,23,serialize_distinct_session_export
2048,1338670.066,24,validated_tip_end_to_end
2048,1329286.775,24,validated_tip_append_only
2048,9381.458,24,validated_tip_snapshot_export
2048,210601.067,24,verify_distinct_session_export
2048,10235.396,24,serialize_distinct_session_export
2048,1339042.575,25,validated_tip_end_to_end
2048,1329509.579,25,validated_tip_append_only
2048,9530.815,25,validated_tip_snapshot_export
2048,210431.9,25,verify_distinct_session_export
2048,10771.303,25,serialize_distinct_session_export
2048,1348272.842,26,validated_tip_end_to_end
2048,1339089.196,26,validated_tip_append_only
2048,9180.988,26,validated_tip_snapshot_export
2048,210257.306,26,verify_distinct_session_export
2048,10154.915,26,serialize_distinct_session_export
2048,1316859.59,27,validated_tip_end_to_end
2048,1307936.088,27,validated_tip_append_only
2048,8921.417,27,validated_tip_snapshot_export
2048,210708.714,27,verify_distinct_session_export
2048,10534.323,27,serialize_distinct_session_export
2048,1341425.241,28,validated_tip_end_to_end
2048,1332376.063,28,validated_tip_append_only
2048,9047.063,28,validated_tip_snapshot_export
2048,210784.063,28,verify_distinct_session_export
2048,10193.19,28,serialize_distinct_session_export
2048,1337543.435,29,validated_tip_end_to_end
2048,1328582.61,29,validated_tip_append_only
2048,8958.838,29,validated_tip_snapshot_export
2048,210603.156,29,verify_distinct_session_export
2048,10868.15,29,serialize_distinct_session_export
2048,1337974.448,30,validated_tip_end_to_end
2048,1328594.569,30,validated_tip_append_only
2048,9377.999,30,validated_tip_snapshot_export
2048,211171.556,30,verify_distinct_session_export
2048,10043.789,30,serialize_distinct_session_export
