n,t,sample_index,legacy_subsets,residual_read_us,subset_read_us,subset_status,residual_payload_correct,subset_payload_correct
5,3,0,10,583.222,8507.606,measured,True,True
5,3,1,10,570.759,8450.778,measured,True,True
5,3,2,10,578.775,8476.906,measured,True,True
5,3,3,10,566.526,8452.254,measured,True,True
5,3,4,10,563.839,8476.364,measured,True,True
5,3,5,10,566.671,8498.967,measured,True,True
5,3,6,10,571.753,8474.2,measured,True,True
5,3,7,10,570.768,8462.933,measured,True,True
5,3,8,10,594.656,8501.783,measured,True,True
5,3,9,10,565.109,8476.183,measured,True,True
5,3,10,10,560.306,8475.717,measured,True,True
5,3,11,10,564.109,8437.609,measured,True,True
5,3,12,10,595.828,8475.514,measured,True,True
5,3,13,10,564.42,8447.566,measured,True,True
5,3,14,10,586.669,8469.272,measured,True,True
5,3,15,10,562.468,8472.015,measured,True,True
5,3,16,10,558.875,8453.985,measured,True,True
5,3,17,10,574.556,8434.638,measured,True,True
5,3,18,10,571.679,8468.635,measured,True,True
5,3,19,10,570.839,8463.02,measured,True,True
5,3,20,10,578.253,8466.895,measured,True,True
5,3,21,10,560.483,8445.597,measured,True,True
5,3,22,10,560.388,8525.456,measured,True,True
5,3,23,10,568.74,8474.113,measured,True,True
5,3,24,10,568.468,8478.225,measured,True,True
5,3,25,10,572.447,8449.546,measured,True,True
5,3,26,10,574.317,8493.795,measured,True,True
5,3,27,10,554.255,8452.674,measured,True,True
5,3,28,10,558.675,8468.784,measured,True,True
5,3,29,10,570.231,8485.879,measured,True,True
5,3,30,10,574.418,8462.937,measured,True,True
10,5,0,252,2342.231,575957.33,measured,True,True
10,5,1,252,2349.257,576759.193,measured,True,True
10,5,2,252,2339.457,576259.758,measured,True,True
10,5,3,252,2322.239,576222.748,measured,True,True
10,5,4,252,2324.464,576995.017,measured,True,True
10,5,5,252,2345.203,577651.374,measured,True,True
10,5,6,252,2333.809,576085.349,measured,True,True
10,5,7,252,2342.717,599296.913,measured,True,True
10,5,8,252,2758.901,621649.047,measured,True,True
10,5,9,252,2330.975,629026.424,measured,True,True
10,5,10,252,2717.579,636567.437,measured,True,True
10,5,11,252,2335.736,606777.118,measured,True,True
10,5,12,252,2338.713,662897.986,measured,True,True
10,5,13,252,2375.629,686450.447,measured,True,True
10,5,14,252,3318.555,718403.781,measured,True,True
10,5,15,252,2671.637,720208.448,measured,True,True
10,5,16,252,3122.028,731947.604,measured,True,True
10,5,17,252,3157.946,646830.495,measured,True,True
10,5,18,252,2432.777,624544.859,measured,True,True
10,5,19,252,2836.203,580639.707,measured,True,True
10,5,20,252,2335.091,577233.488,measured,True,True
10,5,21,252,2346.975,578373.99,measured,True,True
10,5,22,252,2354.578,577464.582,measured,True,True
10,5,23,252,2331.297,576912.501,measured,True,True
10,5,24,252,2327.921,577713.707,measured,True,True
10,5,25,252,2330.757,577146.114,measured,True,True
10,5,26,252,2344.77,577738.595,measured,True,True
10,5,27,252,2337.284,576823.418,measured,True,True
10,5,28,252,2340.605,576900.197,measured,True,True
10,5,29,252,2333.339,576905.892,measured,True,True
10,5,30,252,2342.323,576484.835,measured,True,True
32,16,0,601080390,9026.971,,not_run_declared_combinatorial_boundary,True,
32,16,1,601080390,9005.156,,not_run_declared_combinatorial_boundary,True,
32,16,2,601080390,8978.484,,not_run_declared_combinatorial_boundary,True,
32,16,3,601080390,9119.934,,not_run_declared_combinatorial_boundary,True,
32,16,4,601080390,9002.715,,not_run_declared_combinatorial_boundary,True,
32,16,5,601080390,9019.368,,not_run_declared_combinatorial_boundary,True,
32,16,6,601080390,9014.212,,not_run_declared_combinatorial_boundary,True,
32,16,7,601080390,8971.841,,not_run_declared_combinatorial_boundary,True,
32,16,8,601080390,8963.936,,not_run_declared_combinatorial_boundary,True,
32,16,9,601080390,8967.559,,not_run_declared_combinatorial_boundary,True,
32,16,10,601080390,8978.977,,not_run_declared_combinatorial_boundary,True,
32,16,11,601080390,8984.049,,not_run_declared_combinatorial_boundary,True,
32,16,12,601080390,9012.075,,not_run_declared_combinatorial_boundary,True,
32,16,13,601080390,8983.8,,not_run_declared_combinatorial_boundary,True,
32,16,14,601080390,8999.868,,not_run_declared_combinatorial_boundary,True,
32,16,15,601080390,8963.413,,not_run_declared_combinatorial_boundary,True,
32,16,16,601080390,8980.479,,not_run_declared_combinatorial_boundary,True,
32,16,17,601080390,8987.284,,not_run_declared_combinatorial_boundary,True,
32,16,18,601080390,9017.452,,not_run_declared_combinatorial_boundary,True,
32,16,19,601080390,8973.088,,not_run_declared_combinatorial_boundary,True,
32,16,20,601080390,8997.85,,not_run_declared_combinatorial_boundary,True,
32,16,21,601080390,8960.708,,not_run_declared_combinatorial_boundary,True,
32,16,22,601080390,8960.961,,not_run_declared_combinatorial_boundary,True,
32,16,23,601080390,8948.586,,not_run_declared_combinatorial_boundary,True,
32,16,24,601080390,8994.898,,not_run_declared_combinatorial_boundary,True,
32,16,25,601080390,8973.694,,not_run_declared_combinatorial_boundary,True,
32,16,26,601080390,8976.975,,not_run_declared_combinatorial_boundary,True,
32,16,27,601080390,8964.427,,not_run_declared_combinatorial_boundary,True,
32,16,28,601080390,8988.459,,not_run_declared_combinatorial_boundary,True,
32,16,29,601080390,8986.817,,not_run_declared_combinatorial_boundary,True,
32,16,30,601080390,8977.872,,not_run_declared_combinatorial_boundary,True,
