payload_groups,sample_index,mark_total_us,read_us,candidate_count,selected_payload,expected_selected_payload,passed
1,0,216.14,632.891,1,d555a7802a7f6159bc8f16a3370deda28bfe76065179b36b4cf3a05100a647d0,d555a7802a7f6159bc8f16a3370deda28bfe76065179b36b4cf3a05100a647d0,True
1,1,175.119,608.369,1,0487729de006b122f446d78fe57651f15da42617077933cc53788b7f8476238a,0487729de006b122f446d78fe57651f15da42617077933cc53788b7f8476238a,True
1,2,180.167,590.035,1,2aa48f4b27caca2bdd0414245cbbba04ccab5150784a8884189928d1dfbb74e5,2aa48f4b27caca2bdd0414245cbbba04ccab5150784a8884189928d1dfbb74e5,True
1,3,170.902,612.004,1,c72ee62022f582d8c0e50af28067fa6003b368c1096b85ec5db7497c6e3f8cb4,c72ee62022f582d8c0e50af28067fa6003b368c1096b85ec5db7497c6e3f8cb4,True
1,4,167.835,608.225,1,48f792c908ebe8a6b6e525a70e6ce5a9466a089840a85a5656473d699d3d505a,48f792c908ebe8a6b6e525a70e6ce5a9466a089840a85a5656473d699d3d505a,True
1,5,170.74,591.907,1,8bf5ea727e08088e05f556f5c5680b590bfc6328663c1af4131c81645a8df03c,8bf5ea727e08088e05f556f5c5680b590bfc6328663c1af4131c81645a8df03c,True
1,6,168.789,607.81,1,626dea341718ee614e64f8a5533ba93eb902126ff2ab49dbe7cd0747fb3fef73,626dea341718ee614e64f8a5533ba93eb902126ff2ab49dbe7cd0747fb3fef73,True
1,7,178.352,595.838,1,8b6250f41d2618b99858a209d9fe8009d3bd918bd6a4d1dbafa0782872cb1bc9,8b6250f41d2618b99858a209d9fe8009d3bd918bd6a4d1dbafa0782872cb1bc9,True
1,8,169.382,597.587,1,b866c4dea7313b292ad5e6a8da768a4c102c5dc9364355732c2248f5e9624ad9,b866c4dea7313b292ad5e6a8da768a4c102c5dc9364355732c2248f5e9624ad9,True
1,9,168.064,602.668,1,d6ec0f7e2fb18980b62fd41b1581663e4ebec2a8e8459ccb1b4579bbaf6cb135,d6ec0f7e2fb18980b62fd41b1581663e4ebec2a8e8459ccb1b4579bbaf6cb135,True
1,10,170.14,587.201,1,97de4832b7cfbb5fee554db6bbd7848b73a5303da35efdbce06c46aea66c7b44,97de4832b7cfbb5fee554db6bbd7848b73a5303da35efdbce06c46aea66c7b44,True
1,11,169.052,615.17,1,545827590ec7ed192b3c8fbb16a508442e4dd4c978998a30db533bf0ba0943bd,545827590ec7ed192b3c8fbb16a508442e4dd4c978998a30db533bf0ba0943bd,True
1,12,169.396,614.356,1,f07e224ee4cf51aab013b17ce92d0aa7f910c3048cbcf5f4ed5602a5214fa48f,f07e224ee4cf51aab013b17ce92d0aa7f910c3048cbcf5f4ed5602a5214fa48f,True
1,13,167.469,594.763,1,ede817c6f10a9a3ceb912b57ef6b7210661ed3beb9e42caf31c96c00322bc7be,ede817c6f10a9a3ceb912b57ef6b7210661ed3beb9e42caf31c96c00322bc7be,True
1,14,168.031,595.55,1,b20be4d8e2a15f9b28ca9fda05b4a4a2063a40c21b91f30c24792da26b2c2c73,b20be4d8e2a15f9b28ca9fda05b4a4a2063a40c21b91f30c24792da26b2c2c73,True
1,15,179.254,591.111,1,34e161ae5d62a101f0d40ccc1fb5c58132b8f1cbb815216fa140347cdf6c6f5e,34e161ae5d62a101f0d40ccc1fb5c58132b8f1cbb815216fa140347cdf6c6f5e,True
1,16,167.504,594.463,1,454cae8042564edc837c201ef3eea253fb19f6dca19d63a4d376ff50c5c2ceaf,454cae8042564edc837c201ef3eea253fb19f6dca19d63a4d376ff50c5c2ceaf,True
1,17,166.771,595.416,1,0b9a1c94e71aa14c5c9c8c3c3f5c694531b46fdef0907348611c69c49d4433ad,0b9a1c94e71aa14c5c9c8c3c3f5c694531b46fdef0907348611c69c49d4433ad,True
1,18,169.164,590.625,1,85447d6097e31905baf05a0a9935c6fbf8710304658e411343a7fbd4bfd0c221,85447d6097e31905baf05a0a9935c6fbf8710304658e411343a7fbd4bfd0c221,True
1,19,170.648,598.69,1,70580eeb7be32aa7f68be70c508bf849c7a3b6eec51fab15db0eb1b1cea65c3e,70580eeb7be32aa7f68be70c508bf849c7a3b6eec51fab15db0eb1b1cea65c3e,True
1,20,167.061,597.774,1,efe1810167d8527d89aa62f4d99dadd631160749397ac3cf948bd42b92620ec4,efe1810167d8527d89aa62f4d99dadd631160749397ac3cf948bd42b92620ec4,True
1,21,168.849,591.716,1,e421dcca5aed53c07f9c34d37ed0f97f084d9d97f5b30cccd8f256f5210c1a73,e421dcca5aed53c07f9c34d37ed0f97f084d9d97f5b30cccd8f256f5210c1a73,True
1,22,168.795,596.531,1,141967236f82efedeaf1c92d256de7285331059fe78b9ef057f5cae5419e3ed4,141967236f82efedeaf1c92d256de7285331059fe78b9ef057f5cae5419e3ed4,True
1,23,186.894,602.63,1,3fd5c6d5a1d6ebd7d56db126bb34e2da699107da36c97fd317c5bde999d3ed9e,3fd5c6d5a1d6ebd7d56db126bb34e2da699107da36c97fd317c5bde999d3ed9e,True
1,24,169.031,589.71,1,11683eb910697b348e01d81a0430c7c7f05bcc668feec45fc0ac9c8330204644,11683eb910697b348e01d81a0430c7c7f05bcc668feec45fc0ac9c8330204644,True
1,25,167.167,595.376,1,27b99152d7973f7b63b4a89b2790a5aa4cb18d7fdfff8d4535cfadbd69a68f96,27b99152d7973f7b63b4a89b2790a5aa4cb18d7fdfff8d4535cfadbd69a68f96,True
1,26,176.381,587.887,1,129681355e55bf4ec82ee333de6ddd1b88fb30e4c97183c3d8039090abcd8442,129681355e55bf4ec82ee333de6ddd1b88fb30e4c97183c3d8039090abcd8442,True
1,27,171.805,603.804,1,93960966cce1d1f9b5628bfcd9c54b4a4ec99a80d745b411f05e16ae52ea34a4,93960966cce1d1f9b5628bfcd9c54b4a4ec99a80d745b411f05e16ae52ea34a4,True
1,28,166.763,598.509,1,204976ecb65e4b9c1b31b5bb78325504175ee81cfa7397f92a07a249f0fbfbc4,204976ecb65e4b9c1b31b5bb78325504175ee81cfa7397f92a07a249f0fbfbc4,True
1,29,167.873,597.403,1,a6f55d362c8cc452e00d837c523c1695d7c262554e5f9d363128bbd860df45fc,a6f55d362c8cc452e00d837c523c1695d7c262554e5f9d363128bbd860df45fc,True
1,30,167.722,598.756,1,eb2cead95f5ccbc93ce6999acbce7641bc8e35bfe7c12e44deae76baeff6dfd7,eb2cead95f5ccbc93ce6999acbce7641bc8e35bfe7c12e44deae76baeff6dfd7,True
2,0,403.709,1101.436,2,05647f5575d9d54efef77c38e3d83fe317ac2fd0edfc604fbb35a9ad3bb0c481,05647f5575d9d54efef77c38e3d83fe317ac2fd0edfc604fbb35a9ad3bb0c481,True
2,1,393.06,1100.208,2,52293449d7db0ca5d386bdb506d8dabf6a03eff568e2d337ff3c1c454f87ec58,52293449d7db0ca5d386bdb506d8dabf6a03eff568e2d337ff3c1c454f87ec58,True
2,2,389.774,1096.176,2,a75e2ccc7b701ff04e804794dd0249a6fc2dda371cff6a908fdc8b862f0944aa,a75e2ccc7b701ff04e804794dd0249a6fc2dda371cff6a908fdc8b862f0944aa,True
2,3,398.387,1102.711,2,836cc27d9e106d7758c7f2d524ae2688ee817010b45502035e3ebef2e3362ffa,836cc27d9e106d7758c7f2d524ae2688ee817010b45502035e3ebef2e3362ffa,True
2,4,394.01,1096.761,2,636434a95ec88cb184154c227592ac85a1dd4968f77dc6b4a7d5dfdaf15d4123,636434a95ec88cb184154c227592ac85a1dd4968f77dc6b4a7d5dfdaf15d4123,True
2,5,403.009,1100.499,2,7bc5fe6c4c33566cf75efdcebb404165e2965cf3a1b1747b678c232d3c349386,7bc5fe6c4c33566cf75efdcebb404165e2965cf3a1b1747b678c232d3c349386,True
2,6,393.016,1103.158,2,8a03a97532a0462135a6b54f9613e4e76d9528ec10bdb0cbf20a352769feee7b,8a03a97532a0462135a6b54f9613e4e76d9528ec10bdb0cbf20a352769feee7b,True
2,7,394.78,1098.507,2,b3a5fd47160434aec98514676557339e02dd5ddba3117c7019b5c3be2182ed7f,b3a5fd47160434aec98514676557339e02dd5ddba3117c7019b5c3be2182ed7f,True
2,8,405.156,1099.549,2,f64ff764663b820ed24a956d202e4f482f2eddf9a7d54fdf74c780917157b766,f64ff764663b820ed24a956d202e4f482f2eddf9a7d54fdf74c780917157b766,True
2,9,392.979,1097.117,2,a6a48cdcbffdcf060e77c96d2aca9b05b9b9e17db76b0051c7402eb0b91e310c,a6a48cdcbffdcf060e77c96d2aca9b05b9b9e17db76b0051c7402eb0b91e310c,True
2,10,398.674,1110.036,2,7c01f06b4e17cec12305f0c944c3ff8788e76cd6b981738fa8e0412596ed8fda,7c01f06b4e17cec12305f0c944c3ff8788e76cd6b981738fa8e0412596ed8fda,True
2,11,392.467,1106.953,2,7649029a65c73a440114dae415fa9af20d7a7cecee5439b33c3df22471ce3e52,7649029a65c73a440114dae415fa9af20d7a7cecee5439b33c3df22471ce3e52,True
2,12,391.964,1096.692,2,813c3379a34d7e95f403550bb6ad019bde14b9e4a02fdd07bc36d89174b7fe85,813c3379a34d7e95f403550bb6ad019bde14b9e4a02fdd07bc36d89174b7fe85,True
2,13,406.21,1103.569,2,183ff4c747fee4033e59eeda286dd727c2a4dc1b8fe73c29e54a4f80f46016d6,183ff4c747fee4033e59eeda286dd727c2a4dc1b8fe73c29e54a4f80f46016d6,True
2,14,396.714,1118.557,2,63d6b154002be80772975fb375495c3af004ca00da1fc330c5d1a131f0f57ed5,63d6b154002be80772975fb375495c3af004ca00da1fc330c5d1a131f0f57ed5,True
2,15,392.859,1107.421,2,7d0b2e016a75dcab0fc937cc93c07427c3008eae1f3b0f2d187e1ad9fa451aef,7d0b2e016a75dcab0fc937cc93c07427c3008eae1f3b0f2d187e1ad9fa451aef,True
2,16,403.358,1111.13,2,71fdd2591f69b343bd52122a906be2e2c1359483996aad5e07b5e3f1b94e781f,71fdd2591f69b343bd52122a906be2e2c1359483996aad5e07b5e3f1b94e781f,True
2,17,397.111,1104.855,2,7a646c96865790f3fb48d93ad5b9fdd968399122328020bfddcc5ed7c6cbdb23,7a646c96865790f3fb48d93ad5b9fdd968399122328020bfddcc5ed7c6cbdb23,True
2,18,403.603,1108.054,2,ba0d9a44b124750764ebb281b2a565649af56337b4a24691b3cb6eb158e96f38,ba0d9a44b124750764ebb281b2a565649af56337b4a24691b3cb6eb158e96f38,True
2,19,395.894,1113.347,2,1f510211ffe8cdbe3379e34a752d70d8769946036bdf707eba3b47836d4ca226,1f510211ffe8cdbe3379e34a752d70d8769946036bdf707eba3b47836d4ca226,True
2,20,394.223,1095.842,2,f20eec43f1188fbdde7c09b9726876cbafa768c0e0de9d5d41a06f4ce0445142,f20eec43f1188fbdde7c09b9726876cbafa768c0e0de9d5d41a06f4ce0445142,True
2,21,400.149,1095.865,2,fd61ba7896fe90debad0ef9b9db85492050d3ae2fc9f55b3c642cb8c509cdce9,fd61ba7896fe90debad0ef9b9db85492050d3ae2fc9f55b3c642cb8c509cdce9,True
2,22,392.604,1094.796,2,b11df2b4e7ce4e6af5f184132c8e2e3e207c749539887ba764616dc50f27aefc,b11df2b4e7ce4e6af5f184132c8e2e3e207c749539887ba764616dc50f27aefc,True
2,23,400.717,1101.61,2,34730cc3ffb1883e26775ac293604a211a6b192d1535834a347f11f039cd1a21,34730cc3ffb1883e26775ac293604a211a6b192d1535834a347f11f039cd1a21,True
2,24,393.947,1113.953,2,0023e0b8c1c9e949b4b71f53b6ca76f30118051926ef527b36ff55ca52045f64,0023e0b8c1c9e949b4b71f53b6ca76f30118051926ef527b36ff55ca52045f64,True
2,25,387.826,1092.705,2,8765f351d7903110bc64793b80469effaec2ea072cb6299d21e503a185cbb767,8765f351d7903110bc64793b80469effaec2ea072cb6299d21e503a185cbb767,True
2,26,402.424,1093.489,2,a883d6fc32a8ab0b78b93c0431cefaaecd459cf2155f714601b933bd906aef24,a883d6fc32a8ab0b78b93c0431cefaaecd459cf2155f714601b933bd906aef24,True
2,27,393.32,1096.636,2,2d9fbb95408373e104a62050bad83f9aa4534057d7810a90e9ca9afd1f71a4c1,2d9fbb95408373e104a62050bad83f9aa4534057d7810a90e9ca9afd1f71a4c1,True
2,28,412.348,1098.554,2,ac5c195bd3c263878d1435dcc944eba879fe15a1c591ea6b43aa04e9961b101e,ac5c195bd3c263878d1435dcc944eba879fe15a1c591ea6b43aa04e9961b101e,True
2,29,401.685,1114.223,2,c27c5c1252aa448814f86f5b46faabed29f7f77dc2800f8b0e39b65273ee3e42,c27c5c1252aa448814f86f5b46faabed29f7f77dc2800f8b0e39b65273ee3e42,True
2,30,391.613,1090.051,2,895432b0f21c95d664db08c1525382a8096be17c53ae2a0fd333918ded940190,895432b0f21c95d664db08c1525382a8096be17c53ae2a0fd333918ded940190,True
3,0,676.958,1591.058,3,9c464dd02d6c1476a8c2bc62f95aa1c768b1967d5d9737ee88f36a84dd4d405e,9c464dd02d6c1476a8c2bc62f95aa1c768b1967d5d9737ee88f36a84dd4d405e,True
3,1,780.322,1652.708,3,8671b175b03b18f15b62c3c0bf2af08fd94e9365ce06ee91e7884ba8736143af,8671b175b03b18f15b62c3c0bf2af08fd94e9365ce06ee91e7884ba8736143af,True
3,2,681.195,1597.65,3,6bf6dee4c32472bf4c73c5a620e97ad18c55942d01313f14f593462c5f967479,6bf6dee4c32472bf4c73c5a620e97ad18c55942d01313f14f593462c5f967479,True
3,3,685.679,1586.815,3,fc076b37bc8eae2ad48d13b68246071545440312f329c88d51f22d00eba023d8,fc076b37bc8eae2ad48d13b68246071545440312f329c88d51f22d00eba023d8,True
3,4,672.33,1597.372,3,00e6fdeb14ef68d3907f576458dc9dbb4724cf26334cda4525ea2bc574aa141a,00e6fdeb14ef68d3907f576458dc9dbb4724cf26334cda4525ea2bc574aa141a,True
3,5,688.699,1599.666,3,5307bb9e843158d25e7a89e5c1fd4e3220eb03071c71dccafeb02c4a9d48f778,5307bb9e843158d25e7a89e5c1fd4e3220eb03071c71dccafeb02c4a9d48f778,True
3,6,659.649,1597.706,3,b064ff96578ef907fc6ae5f83b1d214377c674f08261ddb8394177e4ae4061a6,b064ff96578ef907fc6ae5f83b1d214377c674f08261ddb8394177e4ae4061a6,True
3,7,662.449,1593.082,3,78db935058a6d29fe4bdc4b1d28466d75f5b0a80b8adf0f97236673a5a2f1fe7,78db935058a6d29fe4bdc4b1d28466d75f5b0a80b8adf0f97236673a5a2f1fe7,True
3,8,663.808,1601.472,3,ae8f79f44bec105921db110c222234e361e518fe7ffa0d500b2478d55a81a0fc,ae8f79f44bec105921db110c222234e361e518fe7ffa0d500b2478d55a81a0fc,True
3,9,672.259,1653.73,3,41a142776cbd57e707a9643a3932a430db1401fd93b91ee4c20b90220bdade07,41a142776cbd57e707a9643a3932a430db1401fd93b91ee4c20b90220bdade07,True
3,10,678.681,1586.999,3,5de139d733d1fc7e176dc985435a95c891b9fe527c7b78ace023abe24e668b06,5de139d733d1fc7e176dc985435a95c891b9fe527c7b78ace023abe24e668b06,True
3,11,689.305,1587.978,3,51293ba8ba3965748f5dcd59663f0eb8f78a5b167c91465315e49a81f376379a,51293ba8ba3965748f5dcd59663f0eb8f78a5b167c91465315e49a81f376379a,True
3,12,674.376,1583.451,3,2ed6bf30e880f2d73723ba40d47d8a2d33f910ef806af906abb2c365370187bf,2ed6bf30e880f2d73723ba40d47d8a2d33f910ef806af906abb2c365370187bf,True
3,13,668.255,1585.091,3,f38cb0c4aed06e2a5abc85a0859c4d76fe4e1b9baf9c5d50998dbb24499ca64a,f38cb0c4aed06e2a5abc85a0859c4d76fe4e1b9baf9c5d50998dbb24499ca64a,True
3,14,666.029,1599.311,3,ab33adec57a0748ee39d5ecd47c7f7f8eec6e5f5ebdec2e00d5111033c5f9acb,ab33adec57a0748ee39d5ecd47c7f7f8eec6e5f5ebdec2e00d5111033c5f9acb,True
3,15,654.069,1590.638,3,5659c39d8f3cf2cccb0410ade527aa263a57305e806a1e04087c9cfc2d56a6c4,5659c39d8f3cf2cccb0410ade527aa263a57305e806a1e04087c9cfc2d56a6c4,True
3,16,657.945,1597.304,3,da5ad5723befc5044be8e890ec1209a4aacef37803b3f7e97b7013ac5e580018,da5ad5723befc5044be8e890ec1209a4aacef37803b3f7e97b7013ac5e580018,True
3,17,677.599,1598.281,3,902655ae6e53f9cb27cf42f485330cd47d8c55aeec79d65474d09bfbb569073b,902655ae6e53f9cb27cf42f485330cd47d8c55aeec79d65474d09bfbb569073b,True
3,18,670.942,1578.868,3,ce282ff6363cb0a26021e6705c0aa524a6318be557cffd538b4564455755c411,ce282ff6363cb0a26021e6705c0aa524a6318be557cffd538b4564455755c411,True
3,19,667.892,1588.612,3,88fd96a88d1780b827c227114e7eb6d4067b3dfc6c111ef4599602370e5543c4,88fd96a88d1780b827c227114e7eb6d4067b3dfc6c111ef4599602370e5543c4,True
3,20,670.396,1579.183,3,0051cdb3a78d37812899497363f37cd893b36f906be921eabbbdb1a7291d9acb,0051cdb3a78d37812899497363f37cd893b36f906be921eabbbdb1a7291d9acb,True
3,21,653.702,1600.993,3,e1763917b2e85a5c19283331fe98f5ee78a04a7e7e4def1f2ec2a77e327da971,e1763917b2e85a5c19283331fe98f5ee78a04a7e7e4def1f2ec2a77e327da971,True
3,22,654.411,1597.035,3,68bcb04cc85e9566ec5ab176cf8fbd4dec7321ee67e5f0fcfad9a3d955841138,68bcb04cc85e9566ec5ab176cf8fbd4dec7321ee67e5f0fcfad9a3d955841138,True
3,23,659.371,1598.996,3,566d993decea98738a0fd5d1a82e0a4ea4127bc17efe45c8f13f0721ad887938,566d993decea98738a0fd5d1a82e0a4ea4127bc17efe45c8f13f0721ad887938,True
3,24,670.624,1591.579,3,22a314148651ee1978cf94d92c7ec2526f79b3aa454b8589a72682f46740ae1b,22a314148651ee1978cf94d92c7ec2526f79b3aa454b8589a72682f46740ae1b,True
3,25,665.834,1582.101,3,af816511cb5cb460913f2c506470e2791bdedd568f3b9a979e0abf0d399949c7,af816511cb5cb460913f2c506470e2791bdedd568f3b9a979e0abf0d399949c7,True
3,26,673.709,1577.172,3,f9506033f835fbfc2af72466b72456245049c3bad88d60eecd16266a52defc8b,f9506033f835fbfc2af72466b72456245049c3bad88d60eecd16266a52defc8b,True
3,27,670.138,1584.424,3,fe8ff089cb1c74a7065a23aa17c066aee905e32500256da3f43399d522393b14,fe8ff089cb1c74a7065a23aa17c066aee905e32500256da3f43399d522393b14,True
3,28,657.737,1597.334,3,02c810ae0bc88b29b5909042ee9deac61079ff46c87675a29da8e4c873e93196,02c810ae0bc88b29b5909042ee9deac61079ff46c87675a29da8e4c873e93196,True
3,29,662.604,1592.17,3,00bfcb14abfde86238ff5b0bd2105ab4741d8863d12002a89dbcad9ea830ba55,00bfcb14abfde86238ff5b0bd2105ab4741d8863d12002a89dbcad9ea830ba55,True
3,30,689.903,1593.854,3,b97f1cf441954b0a711e6fb7f59912d44b9e08d20357d47d232b452288f94fce,b97f1cf441954b0a711e6fb7f59912d44b9e08d20357d47d232b452288f94fce,True
