all_verifications_passed,artifact_bytes,artifact_bytes_max,artifact_bytes_min,chain_length,construction_boundary,manifest_bytes,manifest_bytes_max,manifest_bytes_min,median_replay_total_us,median_serialize_us,median_validated_tip_append_only_us,median_validated_tip_snapshot_export_us,median_validated_tip_total_us,median_validated_tip_us_per_stage,median_verify_us,p95_replay_total_us,p95_serialize_us,p95_validated_tip_append_only_us,p95_validated_tip_snapshot_export_us,p95_validated_tip_total_us,p95_verify_us,replay_exports_verified,replay_samples,replay_to_tip_speedup,serialize_sample_definition,serialize_samples,session_exports_verified,session_samples,verify_sample_definition,verify_samples
True,1089,1089,1089,1,end-to-end construction through one exported full chain and tip artifact,477,477,475,525.775,8.518,642.64,35.13,679.39,679.39,275.175,543.704,10.777,668.53,44.192,704.701,290.754,7,7,0.7738927567376617,one serialization for each distinct session export,31,31,31,one verification for each distinct session export,31
True,1089,1089,1089,2,end-to-end construction through one exported full chain and tip artifact,1011,1011,1007,1192.456,14.132,1285.951,40.577,1326.381,663.1905,381.992,1201.681,14.834,1318.109,46.28,1359.866,394.965,7,7,0.8990297659571419,one serialization for each distinct session export,31,31,31,one verification for each distinct session export,31
True,1089,1089,1089,4,end-to-end construction through one exported full chain and tip artifact,2078,2078,2070,2905.779,24.508,2587.762,49.517,2638.839,659.70975,595.469,2963.648,27.658,2731.268,51.126,2781.654,623.33,7,7,1.1011581229472507,one serialization for each distinct session export,31,31,31,one verification for each distinct session export,31
True,1089,1089,1089,8,end-to-end construction through one exported full chain and tip artifact,4212,4212,4196,7737.328,44.493,5171.033,66.799,5237.623,654.702875,1012.502,7827.899,46.785,5345.866,74.974,5414.044,1033.453,7,7,1.4772594361984437,one serialization for each distinct session export,31,31,31,one verification for each distinct session export,31
True,1089,1089,1089,16,end-to-end construction through one exported full chain and tip artifact,8530,8530,8498,23241.772,83.15,10380.24,102.682,10485.321,655.3325625,1832.991,23572.2,87.612,10707.602,121.591,10815.577,1861.464,7,7,2.21660090330091,one serialization for each distinct session export,31,31,31,one verification for each distinct session export,31
True,1089,1089,1089,32,end-to-end construction through one exported full chain and tip artifact,17146,17146,17082,77648.947,158.954,20817.53,172.569,20995.891,656.12159375,3492.005,77861.551,168.595,21783.166,192.835,21977.301,3539.583,7,7,3.6982925373350435,one serialization for each distinct session export,31,31,31,one verification for each distinct session export,31
True,1089,1089,1089,64,end-to-end construction through one exported full chain and tip artifact,34378,34378,34250,278238.677,314.705,41406.951,317.944,41749.261,652.332203125,6797.316,278512.154,336.188,42471.724,354.636,42794.613,7018.915,7,7,6.664517415050772,one serialization for each distinct session export,31,31,31,one verification for each distinct session export,31
True,1089,1089,1089,128,end-to-end construction through one exported full chain and tip artifact,69182,69182,68926,1050480.402,621.662,82251.026,594.772,82833.395,647.1358984375,13400.277,1064605.269,670.411,93152.006,611.434,93735.479,13827.531,7,7,12.681846518544845,one serialization for each distinct session export,31,31,31,one verification for each distinct session export,31
True,1089,1089,1089,256,end-to-end construction through one exported full chain and tip artifact,138750,138750,138238,4089394.488,1229.225,164328.478,1171.914,165492.928,646.45675,26532.615,4105021.673,1312.457,177706.013,1186.474,178873.261,26642.974,7,7,24.710388156284235,one serialization for each distinct session export,31,31,31,one verification for each distinct session export,31
